season,age,team_abbr,lg,pos,g,gs,mp,fg,fga,fg_pct,threep,threepa,threep_pct,twop,twopa,twop_pct,efg_pct,ft,fta,ft_pct,orb,drb,trb,ast,stl,blk,tov,pf,pts,bbref_endpoint,player_name
2015,23.0,MIA,NBA,PG,51.0,10.0,19.8,1.7,4.5,0.382,0.8,2.3,0.364,0.9,2.2,0.4,0.47600000000000003,0.9,1.1,0.7859999999999999,0.3,1.9,2.2,2.5,0.8,0.1,1.6,1.5,5.1,/players/n/napiesh01.html,Shabazz Napier
2016,24.0,ORL,NBA,PG,55.0,0.0,10.9,1.2,3.7,0.33799999999999997,0.6,1.9,0.327,0.6,1.8,0.35100000000000003,0.423,0.6,0.8,0.733,0.2,0.8,1.0,1.8,0.4,0.0,0.8,0.7,3.7,/players/n/napiesh01.html,Shabazz Napier
2017,25.0,POR,NBA,PG,53.0,2.0,9.7,1.4,3.5,0.39899999999999997,0.6,1.7,0.37,0.7,1.7,0.429,0.49200000000000005,0.7,0.9,0.7759999999999999,0.2,1.0,1.2,1.3,0.6,0.0,0.8,0.7,4.1,/players/n/napiesh01.html,Shabazz Napier
2018,26.0,POR,NBA,PG,74.0,10.0,20.7,3.0,7.2,0.42,1.1,2.9,0.376,1.9,4.2,0.45,0.49700000000000005,1.6,1.9,0.841,0.4,1.9,2.3,2.0,1.1,0.2,1.2,1.1,8.7,/players/n/napiesh01.html,Shabazz Napier
2019,27.0,BRK,NBA,PG,56.0,2.0,17.6,3.0,7.8,0.389,1.4,4.1,0.33299999999999996,1.7,3.7,0.449,0.47600000000000003,2.1,2.5,0.833,0.3,1.5,1.8,2.6,0.7,0.3,1.2,1.2,9.4,/players/n/napiesh01.html,Shabazz Napier
2020,28.0,MIN,NBA,PG,36.0,22.0,23.8,3.2,7.9,0.40299999999999997,1.3,4.4,0.29600000000000004,1.9,3.4,0.54,0.486,2.0,2.4,0.818,0.5,2.6,3.1,5.2,1.1,0.2,2.1,1.7,9.6,/players/n/napiesh01.html,Shabazz Napier
2020,28.0,WAS,NBA,PG,20.0,10.0,24.4,3.7,8.7,0.428,1.5,4.1,0.358,2.3,4.6,0.489,0.512,2.7,3.3,0.831,0.5,2.0,2.4,3.8,1.5,0.2,2.6,2.0,11.6,/players/n/napiesh01.html,Shabazz Napier
