season,age,team_abbr,lg,pos,g,gs,mp,fg,fga,fg_pct,threep,threepa,threep_pct,twop,twopa,twop_pct,efg_pct,ft,fta,ft_pct,orb,drb,trb,ast,stl,blk,tov,pf,pts,bbref_endpoint,player_name
2011,26.0,SAS,NBA,SG,80.0,1.0,21.1,3.6,7.9,0.451,1.6,3.9,0.419,2.0,4.1,0.48100000000000004,0.5529999999999999,1.1,1.3,0.8079999999999999,0.3,2.2,2.5,1.2,0.3,0.1,1.0,1.9,9.8,/players/n/nealga01.html,Gary Neal
2012,27.0,SAS,NBA,SG,56.0,7.0,21.5,3.8,8.7,0.436,1.5,3.5,0.419,2.3,5.1,0.44799999999999995,0.522,0.9,1.1,0.7809999999999999,0.2,1.9,2.1,2.1,0.5,0.0,1.1,1.3,9.9,/players/n/nealga01.html,Gary Neal
2013,28.0,SAS,NBA,SG,68.0,17.0,21.8,3.6,8.8,0.41200000000000003,1.3,3.7,0.355,2.3,5.1,0.45399999999999996,0.48700000000000004,0.9,1.1,0.865,0.2,1.9,2.1,1.9,0.4,0.0,1.0,1.4,9.5,/players/n/nealga01.html,Gary Neal
2014,29.0,MIL,NBA,SG,30.0,2.0,20.2,3.6,9.2,0.39,1.3,3.7,0.36,2.3,5.5,0.41,0.462,1.5,1.8,0.833,0.3,1.4,1.7,1.5,0.2,0.0,1.3,0.9,10.0,/players/n/nealga01.html,Gary Neal
2014,29.0,CHA,NBA,SG,22.0,1.0,23.0,3.9,8.8,0.43799999999999994,1.3,3.1,0.406,2.6,5.7,0.456,0.51,2.2,2.3,0.961,0.1,1.7,1.8,1.7,0.5,0.0,1.1,1.8,11.2,/players/n/nealga01.html,Gary Neal
2015,30.0,CHO,NBA,SG,43.0,0.0,21.7,3.3,9.3,0.359,0.9,3.1,0.293,2.4,6.2,0.392,0.408,2.0,2.4,0.863,0.3,1.9,2.2,1.9,0.4,0.0,1.3,1.6,9.6,/players/n/nealga01.html,Gary Neal
2015,30.0,MIN,NBA,SG,11.0,1.0,23.8,4.1,9.5,0.429,1.0,2.8,0.355,3.1,6.7,0.45899999999999996,0.48100000000000004,2.6,3.0,0.879,0.0,3.2,3.2,1.8,0.6,0.0,0.9,1.6,11.8,/players/n/nealga01.html,Gary Neal
2016,31.0,WAS,NBA,SG,40.0,2.0,20.2,3.8,8.1,0.465,1.0,2.5,0.41,2.8,5.6,0.489,0.528,1.2,1.4,0.855,0.3,1.8,2.1,1.2,0.5,0.0,0.7,1.4,9.8,/players/n/nealga01.html,Gary Neal
2017,32.0,ATL,NBA,SG,2.0,0.0,9.0,0.0,3.5,0.0,0.0,1.0,0.0,0.0,2.5,0.0,0.0,2.0,2.0,1.0,0.0,0.5,0.5,0.5,0.0,0.0,0.0,0.5,2.0,/players/n/nealga01.html,Gary Neal
