season,age,team_abbr,lg,pos,g,gs,mp,fg,fga,fg_pct,threep,threepa,threep_pct,twop,twopa,twop_pct,efg_pct,ft,fta,ft_pct,orb,drb,trb,ast,stl,blk,tov,pf,pts,bbref_endpoint,player_name
2008,22.0,WAS,NBA,SG,70.0,1.0,9.9,0.6,1.5,0.379,0.0,0.1,0.16699999999999998,0.5,1.4,0.392,0.38299999999999995,0.2,0.5,0.43799999999999994,0.8,1.2,2.0,0.6,0.3,0.4,0.6,1.1,1.3,/players/m/mcguido01.html,Dominic McGuire
2009,23.0,WAS,NBA,SF,79.0,57.0,26.2,1.8,4.1,0.43200000000000005,0.0,0.1,0.5,1.7,4.1,0.431,0.435,0.9,1.3,0.725,1.4,4.0,5.4,2.5,0.8,0.9,1.2,1.9,4.5,/players/m/mcguido01.html,Dominic McGuire
2010,24.0,WAS,NBA,SF,41.0,0.0,5.9,0.4,1.0,0.375,0.0,0.0,0.0,0.4,1.0,0.375,0.375,0.0,0.1,0.0,0.4,1.1,1.5,0.2,0.1,0.1,0.2,0.8,0.7,/players/m/mcguido01.html,Dominic McGuire
2010,24.0,SAC,NBA,SF,10.0,2.0,6.7,0.4,1.2,0.33299999999999996,0.0,0.0,0.0,0.4,1.2,0.33299999999999996,0.33299999999999996,0.0,0.2,0.0,0.6,1.2,1.8,0.3,0.1,0.1,0.7,0.3,0.8,/players/m/mcguido01.html,Dominic McGuire
2011,25.0,CHA,NBA,SF,52.0,8.0,14.6,1.4,3.5,0.396,0.0,0.0,0.0,1.4,3.5,0.4,0.396,0.6,0.8,0.769,1.2,2.6,3.8,0.8,0.2,0.6,0.5,1.8,3.3,/players/m/mcguido01.html,Dominic McGuire
2012,26.0,GSW,NBA,PF,64.0,6.0,17.6,1.5,3.3,0.44799999999999995,0.0,0.1,0.0,1.5,3.2,0.456,0.44799999999999995,0.6,0.8,0.736,1.1,2.7,3.8,1.7,0.7,0.6,0.9,1.6,3.5,/players/m/mcguido01.html,Dominic McGuire
2013,27.0,TOR,NBA,SF,15.0,9.0,15.3,1.0,2.1,0.469,0.0,0.0,0.0,1.0,2.1,0.469,0.469,0.1,0.4,0.33299999999999996,0.7,2.5,3.2,0.7,0.3,0.5,0.5,1.7,2.1,/players/m/mcguido01.html,Dominic McGuire
2013,27.0,NOH,NBA,SF,9.0,0.0,16.1,1.0,2.3,0.429,0.0,0.0,0.0,1.0,2.3,0.429,0.429,0.1,0.2,0.5,0.8,2.3,3.1,1.0,0.9,0.3,0.6,1.4,2.1,/players/m/mcguido01.html,Dominic McGuire
2013,27.0,IND,NBA,SF,2.0,1.0,6.0,0.0,1.5,0.0,0.0,0.0,0.0,0.0,1.5,0.0,0.0,0.0,1.0,0.0,0.5,0.5,1.0,0.5,0.0,0.0,0.0,0.0,0.0,/players/m/mcguido01.html,Dominic McGuire
