season,age,team_abbr,lg,pos,g,gs,mp,fg,fga,fg_pct,threep,threepa,threep_pct,twop,twopa,twop_pct,efg_pct,ft,fta,ft_pct,orb,drb,trb,ast,stl,blk,tov,pf,pts,bbref_endpoint,player_name
2017,19.0,DEN,NBA,SG,82,10,21.5,3.6,8.9,0.40399999999999997,1.4,4.2,0.33399999999999996,2.2,4.7,0.466,0.483,1.3,1.5,0.883,0.5,2.1,2.6,2.1,0.6,0.3,1.4,1.5,9.9,/players/m/murraja01.html,Jamal Murray
2018,20.0,DEN,NBA,PG,81,80,31.7,5.9,13.1,0.451,2.0,5.4,0.37799999999999995,3.9,7.7,0.502,0.529,2.8,3.1,0.905,1.0,2.7,3.7,3.4,1.0,0.3,2.1,2.1,16.7,/players/m/murraja01.html,Jamal Murray
2019,21.0,DEN,NBA,PG,75,74,32.6,6.8,15.6,0.43700000000000006,2.0,5.5,0.36700000000000005,4.8,10.1,0.47600000000000003,0.502,2.5,3.0,0.848,0.9,3.4,4.2,4.8,0.9,0.4,2.1,2.0,18.2,/players/m/murraja01.html,Jamal Murray
2020,22.0,DEN,NBA,PG,59,59,32.3,6.9,15.2,0.456,1.9,5.5,0.34600000000000003,5.0,9.7,0.519,0.519,2.8,3.1,0.8809999999999999,0.8,3.2,4.0,4.8,1.1,0.3,2.2,1.7,18.5,/players/m/murraja01.html,Jamal Murray
2021,23.0,DEN,NBA,PG,48,48,35.5,7.9,16.5,0.47700000000000004,2.7,6.6,0.408,5.2,9.9,0.523,0.5589999999999999,2.8,3.2,0.8690000000000001,0.8,3.3,4.0,4.8,1.3,0.3,2.3,2.0,21.2,/players/m/murraja01.html,Jamal Murray
