season,age,team_abbr,lg,pos,g,gs,mp,fg,fga,fg_pct,threep,threepa,threep_pct,twop,twopa,twop_pct,efg_pct,ft,fta,ft_pct,orb,drb,trb,ast,stl,blk,tov,pf,pts,bbref_endpoint,player_name
2014,22.0,ATL,NBA,PF,20.0,0.0,10.8,1.6,3.7,0.425,0.0,0.2,0.0,1.6,3.5,0.44299999999999995,0.425,0.7,0.7,1.0,0.9,1.8,2.6,0.4,0.2,0.5,0.6,1.5,3.8,/players/m/muscami01.html,Mike Muscala
2015,23.0,ATL,NBA,PF,40.0,8.0,12.6,2.1,3.8,0.55,0.2,0.6,0.409,1.9,3.2,0.574,0.579,0.6,0.6,0.88,1.3,1.7,3.0,0.6,0.4,0.5,0.5,1.3,4.9,/players/m/muscami01.html,Mike Muscala
2016,24.0,ATL,NBA,C,60.0,0.0,9.4,1.3,2.5,0.5,0.2,0.7,0.308,1.1,1.9,0.5660000000000001,0.539,0.5,0.7,0.795,0.6,1.3,2.0,0.6,0.2,0.5,0.5,1.2,3.3,/players/m/muscami01.html,Mike Muscala
2017,25.0,ATL,NBA,C,70.0,3.0,17.7,2.4,4.8,0.504,0.7,1.6,0.418,1.8,3.2,0.546,0.573,0.7,0.9,0.7659999999999999,1.1,2.3,3.4,1.4,0.4,0.6,0.8,1.4,6.2,/players/m/muscami01.html,Mike Muscala
2018,26.0,ATL,NBA,C,53.0,7.0,20.0,2.7,5.9,0.45799999999999996,1.2,3.2,0.371,1.5,2.7,0.5589999999999999,0.5579999999999999,1.1,1.2,0.919,1.1,3.3,4.3,1.0,0.6,0.5,0.8,1.5,7.6,/players/m/muscami01.html,Mike Muscala
2019,27.0,PHI,NBA,PF,47.0,6.0,22.1,2.3,5.9,0.392,1.4,4.2,0.342,0.9,1.7,0.519,0.514,1.3,1.6,0.818,1.1,3.2,4.3,1.3,0.4,0.6,0.9,2.4,7.4,/players/m/muscami01.html,Mike Muscala
2019,27.0,LAL,NBA,PF,17.0,4.0,15.6,2.1,4.9,0.434,1.2,3.4,0.368,0.9,1.5,0.5770000000000001,0.56,0.4,0.5,0.875,0.4,2.2,2.6,0.8,0.2,0.6,0.3,1.1,5.9,/players/m/muscami01.html,Mike Muscala
2020,28.0,OKC,NBA,C,47.0,2.0,12.2,1.6,4.0,0.40700000000000003,1.1,3.0,0.37799999999999995,0.5,1.0,0.5,0.55,0.4,0.5,0.818,0.3,2.0,2.3,0.9,0.2,0.3,0.4,1.2,4.8,/players/m/muscami01.html,Mike Muscala
2021,29.0,OKC,NBA,C,35.0,0.0,18.4,3.4,7.6,0.446,1.9,5.3,0.37,1.5,2.4,0.614,0.573,0.9,1.0,0.917,0.5,3.2,3.8,0.8,0.2,0.3,0.6,1.5,9.7,/players/m/muscami01.html,Mike Muscala
