season,age,team_abbr,lg,pos,g,gs,mp,fg,fga,fg_pct,threep,threepa,threep_pct,twop,twopa,twop_pct,efg_pct,ft,fta,ft_pct,orb,drb,trb,ast,stl,blk,tov,pf,pts,bbref_endpoint,player_name
2005,23.0,CLE,NBA,SF,10.0,0.0,4.3,1.0,2.7,0.37,0.4,0.6,0.667,0.6,2.1,0.28600000000000003,0.444,0.5,0.6,0.833,0.2,0.4,0.6,0.3,0.0,0.0,0.2,0.4,2.9,/players/j/jackslu02.html,Luke Jackson
2006,24.0,CLE,NBA,SF,36.0,0.0,8.8,0.8,2.4,0.341,0.3,1.0,0.33299999999999996,0.5,1.4,0.34700000000000003,0.41200000000000003,0.7,0.9,0.7879999999999999,0.4,0.7,1.1,0.7,0.3,0.1,0.9,0.8,2.7,/players/j/jackslu02.html,Luke Jackson
2007,25.0,LAC,NBA,SF,3.0,0.0,5.3,0.3,2.7,0.125,0.3,1.3,0.25,0.0,1.3,0.0,0.188,0.0,0.0,0.0,0.0,0.3,0.3,1.3,0.0,0.0,0.3,1.0,1.0,/players/j/jackslu02.html,Luke Jackson
2007,25.0,TOR,NBA,SF,10.0,2.0,12.2,1.8,3.5,0.514,0.4,1.3,0.308,1.4,2.2,0.636,0.5710000000000001,0.5,0.9,0.556,0.2,0.7,0.9,0.9,0.5,0.1,0.6,1.2,4.5,/players/j/jackslu02.html,Luke Jackson
2008,26.0,MIA,NBA,SF,14.0,1.0,16.3,1.9,5.7,0.325,0.8,2.1,0.36700000000000005,1.1,3.6,0.3,0.39399999999999996,1.1,1.6,0.696,0.5,1.9,2.4,1.2,0.6,0.0,0.6,1.6,5.6,/players/j/jackslu02.html,Luke Jackson
