season,age,team_abbr,lg,pos,g,gs,mp,fg,fga,fg_pct,threep,threepa,threep_pct,twop,twopa,twop_pct,efg_pct,ft,fta,ft_pct,orb,drb,trb,ast,stl,blk,tov,pf,pts,bbref_endpoint,player_name
2015,22.0,MIA,NBA,SG,32.0,2.0,18.8,2.2,5.2,0.419,0.6,1.5,0.375,1.6,3.7,0.43700000000000006,0.473,1.0,1.5,0.6809999999999999,0.4,2.1,2.5,1.3,1.0,0.3,0.9,1.3,5.9,/players/j/johnsty01.html,Tyler Johnson
2016,23.0,MIA,NBA,SG,36.0,5.0,24.0,3.3,6.8,0.486,0.8,2.0,0.38,2.5,4.8,0.529,0.541,1.4,1.8,0.797,0.8,2.3,3.0,2.2,0.7,0.4,1.3,1.8,8.7,/players/j/johnsty01.html,Tyler Johnson
2017,24.0,MIA,NBA,PG,73.0,0.0,29.8,4.9,11.3,0.433,1.3,3.4,0.37200000000000005,3.6,7.9,0.46,0.49,2.7,3.5,0.768,0.7,3.3,4.0,3.2,1.2,0.6,1.2,2.4,13.7,/players/j/johnsty01.html,Tyler Johnson
2018,25.0,MIA,NBA,PG,72.0,39.0,28.5,4.3,9.9,0.435,1.7,4.5,0.36700000000000005,2.6,5.4,0.491,0.518,1.5,1.8,0.8220000000000001,0.5,3.0,3.4,2.3,0.8,0.5,1.1,2.1,11.7,/players/j/johnsty01.html,Tyler Johnson
2019,26.0,MIA,NBA,PG,44.0,10.0,25.5,3.9,9.1,0.426,1.6,4.6,0.353,2.3,4.5,0.503,0.516,1.4,2.0,0.693,0.4,2.3,2.8,2.5,0.9,0.5,1.4,1.6,10.8,/players/j/johnsty01.html,Tyler Johnson
2019,26.0,PHO,NBA,PG,13.0,12.0,31.2,3.5,9.6,0.368,1.4,4.3,0.321,2.2,5.3,0.406,0.44,2.6,3.0,0.872,1.2,2.8,4.0,4.2,1.1,0.5,1.1,1.9,11.1,/players/j/johnsty01.html,Tyler Johnson
2020,27.0,PHO,NBA,PG,31.0,3.0,16.6,2.1,5.5,0.38,0.8,2.7,0.289,1.3,2.8,0.466,0.45,0.8,1.0,0.75,0.3,1.4,1.7,1.6,0.4,0.3,0.8,1.4,5.7,/players/j/johnsty01.html,Tyler Johnson
2020,27.0,BRK,NBA,SG,8.0,4.0,24.3,4.0,9.9,0.405,1.8,4.5,0.389,2.3,5.4,0.419,0.494,2.3,2.3,1.0,1.0,2.0,3.0,3.0,0.5,0.1,0.6,1.9,12.0,/players/j/johnsty01.html,Tyler Johnson
2021,28.0,BRK,NBA,SG,39.0,3.0,17.5,1.8,4.7,0.39299999999999996,1.2,3.4,0.364,0.6,1.3,0.47100000000000003,0.525,0.5,0.5,0.857,0.2,1.8,2.0,1.2,0.4,0.0,0.4,1.1,5.4,/players/j/johnsty01.html,Tyler Johnson
