season,age,team_abbr,lg,pos,g,gs,mp,fg,fga,fg_pct,threep,threepa,threep_pct,twop,twopa,twop_pct,efg_pct,ft,fta,ft_pct,orb,drb,trb,ast,stl,blk,tov,pf,pts,bbref_endpoint,player_name
2016,20.0,DEN,NBA,C,80,55,21.7,3.8,7.5,0.512,0.4,1.1,0.33299999999999996,3.5,6.5,0.541,0.535,1.9,2.4,0.8109999999999999,2.3,4.7,7.0,2.4,1.0,0.6,1.3,2.6,10.0,/players/j/jokicni01.html,Nikola Jokić
2017,21.0,DEN,NBA,C,73,59,27.9,6.8,11.7,0.578,0.6,1.9,0.324,6.2,9.8,0.628,0.605,2.6,3.1,0.825,2.9,6.9,9.8,4.9,0.8,0.8,2.3,2.9,16.7,/players/j/jokicni01.html,Nikola Jokić
2018,22.0,DEN,NBA,C,75,73,32.6,6.7,13.5,0.499,1.5,3.7,0.396,5.2,9.7,0.5379999999999999,0.5539999999999999,3.5,4.2,0.85,2.6,8.1,10.7,6.1,1.2,0.8,2.8,2.8,18.5,/players/j/jokicni01.html,Nikola Jokić
2019,23.0,DEN,NBA,C,80,80,31.3,7.7,15.1,0.511,1.0,3.4,0.307,6.7,11.7,0.569,0.545,3.6,4.4,0.821,2.9,8.0,10.8,7.3,1.4,0.7,3.1,2.9,20.1,/players/j/jokicni01.html,Nikola Jokić
2020,24.0,DEN,NBA,C,73,73,32.0,7.7,14.7,0.528,1.1,3.5,0.314,6.6,11.2,0.594,0.565,3.4,4.1,0.8170000000000001,2.3,7.5,9.7,7.0,1.2,0.6,3.1,3.0,19.9,/players/j/jokicni01.html,Nikola Jokić
2021,25.0,DEN,NBA,C,72,72,34.6,10.2,18.0,0.5660000000000001,1.3,3.3,0.38799999999999996,8.9,14.7,0.606,0.602,4.8,5.5,0.868,2.8,8.0,10.8,8.3,1.3,0.7,3.1,2.7,26.4,/players/j/jokicni01.html,Nikola Jokić
