season,age,team_abbr,lg,pos,g,gs,mp,fg,fga,fg_pct,threep,threepa,threep_pct,twop,twopa,twop_pct,efg_pct,ft,fta,ft_pct,orb,drb,trb,ast,stl,blk,tov,pf,pts,bbref_endpoint,player_name
2017,20.0,DET,NBA,PF,19.0,2.0,7.7,1.2,3.4,0.359,0.5,1.8,0.28600000000000003,0.7,1.5,0.44799999999999995,0.43799999999999994,0.2,0.4,0.5,0.4,1.7,2.2,0.4,0.1,0.1,0.7,0.3,3.2,/players/e/ellenhe01.html,Henry Ellenson
2018,21.0,DET,NBA,PF,38.0,0.0,8.7,1.4,3.8,0.363,0.5,1.6,0.33299999999999996,0.9,2.3,0.384,0.43200000000000005,0.7,0.8,0.862,0.3,1.9,2.1,0.5,0.1,0.0,0.5,0.6,4.0,/players/e/ellenhe01.html,Henry Ellenson
2019,22.0,DET,NBA,PF,2.0,0.0,12.5,2.0,5.0,0.4,1.0,2.0,0.5,1.0,3.0,0.33299999999999996,0.5,1.0,1.0,1.0,0.0,4.5,4.5,0.5,0.0,0.0,0.0,1.0,6.0,/players/e/ellenhe01.html,Henry Ellenson
2019,22.0,NYK,NBA,PF,17.0,0.0,13.8,2.1,5.0,0.41200000000000003,0.9,2.0,0.441,1.2,3.0,0.392,0.5,1.0,1.4,0.7390000000000001,0.3,3.1,3.4,0.9,0.4,0.1,0.5,1.5,6.0,/players/e/ellenhe01.html,Henry Ellenson
2020,23.0,BRK,NBA,C,5.0,0.0,3.0,0.2,1.4,0.14300000000000002,0.0,0.8,0.0,0.2,0.6,0.33299999999999996,0.14300000000000002,0.0,0.0,0.0,0.4,0.8,1.2,0.2,0.0,0.0,0.0,0.2,0.4,/players/e/ellenhe01.html,Henry Ellenson
2021,24.0,TOR,NBA,PF,2.0,0.0,19.0,2.5,7.0,0.35700000000000004,1.0,4.5,0.222,1.5,2.5,0.6,0.429,1.5,2.0,0.75,1.5,4.5,6.0,2.5,0.0,0.0,0.0,3.5,7.5,/players/e/ellenhe01.html,Henry Ellenson
