season,age,team_abbr,lg,pos,g,gs,mp,fg,fga,fg_pct,threep,threepa,threep_pct,twop,twopa,twop_pct,efg_pct,ft,fta,ft_pct,orb,drb,trb,ast,stl,blk,tov,pf,pts,bbref_endpoint,player_name
2014,20.0,OKC,NBA,C,81.0,20.0,14.8,1.1,2.3,0.503,0.0,0.0,0.0,1.1,2.3,0.503,0.503,1.0,1.7,0.581,1.8,2.3,4.1,0.5,0.5,0.7,0.9,2.5,3.3,/players/a/adamsst01.html,Steven Adams
2015,21.0,OKC,NBA,C,70.0,67.0,25.3,3.1,5.7,0.544,0.0,0.0,0.0,3.1,5.7,0.547,0.544,1.5,2.9,0.502,2.8,4.6,7.5,0.9,0.5,1.2,1.4,3.2,7.7,/players/a/adamsst01.html,Steven Adams
2016,22.0,OKC,NBA,C,80.0,80.0,25.2,3.3,5.3,0.613,0.0,0.0,0.0,3.3,5.3,0.613,0.613,1.4,2.5,0.5820000000000001,2.7,3.9,6.7,0.8,0.5,1.1,1.1,2.8,8.0,/players/a/adamsst01.html,Steven Adams
2017,23.0,OKC,NBA,C,80.0,80.0,29.9,4.7,8.2,0.5710000000000001,0.0,0.0,0.0,4.7,8.2,0.5720000000000001,0.5710000000000001,2.0,3.2,0.611,3.5,4.2,7.7,1.1,1.1,1.0,1.8,2.4,11.3,/players/a/adamsst01.html,Steven Adams
2018,24.0,OKC,NBA,C,76.0,76.0,32.7,5.9,9.4,0.629,0.0,0.0,0.0,5.9,9.3,0.631,0.629,2.1,3.8,0.5589999999999999,5.1,4.0,9.0,1.2,1.2,1.0,1.7,2.8,13.9,/players/a/adamsst01.html,Steven Adams
2019,25.0,OKC,NBA,C,80.0,80.0,33.4,6.0,10.1,0.595,0.0,0.0,0.0,6.0,10.1,0.596,0.595,1.8,3.7,0.5,4.9,4.6,9.5,1.6,1.5,1.0,1.7,2.6,13.9,/players/a/adamsst01.html,Steven Adams
2020,26.0,OKC,NBA,C,63.0,63.0,26.7,4.5,7.6,0.5920000000000001,0.0,0.0,0.33299999999999996,4.5,7.5,0.594,0.593,1.9,3.2,0.5820000000000001,3.3,6.0,9.3,2.3,0.8,1.1,1.5,1.9,10.9,/players/a/adamsst01.html,Steven Adams
2021,27.0,NOP,NBA,C,58.0,58.0,27.7,3.3,5.3,0.614,0.0,0.1,0.0,3.3,5.3,0.62,0.614,1.0,2.3,0.444,3.7,5.2,8.9,1.9,0.9,0.7,1.3,1.9,7.6,/players/a/adamsst01.html,Steven Adams
