season,age,team_abbr,lg,pos,g,gs,mp,fg,fga,fg_pct,threep,threepa,threep_pct,twop,twopa,twop_pct,efg_pct,ft,fta,ft_pct,orb,drb,trb,ast,stl,blk,tov,pf,pts,bbref_endpoint,player_name
2015,21.0,SAS,NBA,SF,33.0,8.0,10.8,0.9,2.7,0.348,0.1,0.3,0.273,0.8,2.4,0.359,0.365,0.3,0.4,0.643,0.2,2.0,2.2,0.8,0.5,0.2,0.3,0.8,2.2,/players/a/anderky01.html,Kyle Anderson
2016,22.0,SAS,NBA,SF,78.0,11.0,16.0,1.8,3.8,0.46799999999999997,0.2,0.5,0.324,1.6,3.3,0.488,0.488,0.8,1.1,0.747,0.3,2.8,3.1,1.6,0.8,0.4,0.8,1.2,4.5,/players/a/anderky01.html,Kyle Anderson
2017,23.0,SAS,NBA,SF,72.0,14.0,14.2,1.3,2.9,0.445,0.2,0.6,0.375,1.1,2.3,0.462,0.48100000000000004,0.6,0.8,0.789,0.5,2.4,2.9,1.3,0.7,0.4,0.5,0.9,3.4,/players/a/anderky01.html,Kyle Anderson
2018,24.0,SAS,NBA,SF,74.0,67.0,26.7,3.1,5.9,0.527,0.3,0.8,0.33299999999999996,2.9,5.1,0.556,0.5489999999999999,1.4,2.0,0.7120000000000001,1.1,4.2,5.4,2.7,1.6,0.8,1.3,1.5,7.9,/players/a/anderky01.html,Kyle Anderson
2019,25.0,MEM,NBA,SF,43.0,40.0,29.8,3.5,6.4,0.5429999999999999,0.2,0.8,0.265,3.3,5.6,0.583,0.56,0.9,1.5,0.578,1.1,4.7,5.8,3.0,1.3,0.9,1.3,2.6,8.0,/players/a/anderky01.html,Kyle Anderson
2020,26.0,MEM,NBA,SF,67.0,28.0,19.9,2.3,4.9,0.474,0.4,1.3,0.282,2.0,3.7,0.541,0.511,0.8,1.2,0.667,0.9,3.4,4.3,2.4,0.8,0.6,1.0,1.7,5.8,/players/a/anderky01.html,Kyle Anderson
2021,27.0,MEM,NBA,PF,69.0,69.0,27.3,4.5,9.5,0.46799999999999997,1.4,3.8,0.36,3.1,5.8,0.539,0.54,2.1,2.7,0.7829999999999999,0.8,5.0,5.7,3.6,1.2,0.8,1.2,1.7,12.4,/players/a/anderky01.html,Kyle Anderson
