season,age,team_abbr,lg,pos,g,gs,mp,fg,fga,fg_pct,threep,threepa,threep_pct,twop,twopa,twop_pct,efg_pct,ft,fta,ft_pct,orb,drb,trb,ast,stl,blk,tov,pf,pts,bbref_endpoint,player_name
2015,23.0,NYK,NBA,PG,45.0,41.0,32.4,4.5,11.4,0.39899999999999997,1.4,3.9,0.35200000000000004,3.2,7.4,0.424,0.46,1.4,1.7,0.8079999999999999,0.8,3.4,4.2,3.3,1.2,0.3,1.4,2.9,11.8,/players/g/gallola01.html,Langston Galloway
2016,24.0,NYK,NBA,PG,82.0,7.0,24.8,2.8,7.2,0.39299999999999996,0.9,2.7,0.344,1.9,4.4,0.423,0.45799999999999996,1.0,1.4,0.754,0.5,3.0,3.5,2.5,0.9,0.3,0.7,2.2,7.6,/players/g/gallola01.html,Langston Galloway
2017,25.0,NOP,NBA,PG,55.0,0.0,20.4,3.0,8.0,0.374,1.8,4.9,0.377,1.2,3.1,0.37,0.489,0.7,0.9,0.769,0.4,1.8,2.2,1.2,0.7,0.1,0.5,1.4,8.6,/players/g/gallola01.html,Langston Galloway
2017,25.0,SAC,NBA,PG,19.0,2.0,19.7,2.2,5.5,0.40399999999999997,1.0,2.1,0.475,1.2,3.4,0.359,0.495,0.6,0.6,0.917,0.4,1.5,1.8,1.5,0.3,0.1,0.9,1.1,6.0,/players/g/gallola01.html,Langston Galloway
2018,26.0,DET,NBA,SG,58.0,2.0,14.9,2.2,5.9,0.371,1.3,3.8,0.344,0.9,2.1,0.418,0.48100000000000004,0.6,0.7,0.805,0.2,1.4,1.6,1.0,0.6,0.1,0.3,0.7,6.2,/players/g/gallola01.html,Langston Galloway
2019,27.0,DET,NBA,SG,80.0,4.0,21.8,2.9,7.3,0.38799999999999996,1.7,4.8,0.355,1.2,2.6,0.449,0.503,1.0,1.2,0.8440000000000001,0.6,1.5,2.1,1.1,0.5,0.1,0.3,1.7,8.4,/players/g/gallola01.html,Langston Galloway
2020,28.0,DET,NBA,SG,66.0,6.0,25.8,3.6,8.2,0.435,2.0,5.0,0.39899999999999997,1.6,3.2,0.493,0.557,1.1,1.3,0.8590000000000001,0.5,1.8,2.3,1.5,0.7,0.2,0.6,1.5,10.3,/players/g/gallola01.html,Langston Galloway
2021,29.0,PHO,NBA,SG,40.0,0.0,11.0,1.7,3.7,0.449,0.9,2.1,0.424,0.8,1.6,0.484,0.5710000000000001,0.6,0.6,0.9570000000000001,0.2,0.9,1.1,0.7,0.2,0.0,0.3,0.6,4.8,/players/g/gallola01.html,Langston Galloway
