season,age,team_abbr,lg,pos,g,gs,mp,fg,fga,fg_pct,threep,threepa,threep_pct,twop,twopa,twop_pct,efg_pct,ft,fta,ft_pct,orb,drb,trb,ast,stl,blk,tov,pf,pts,bbref_endpoint,player_name
2015,20.0,PHI,NBA,SF,65.0,11.0,21.2,1.9,5.4,0.35200000000000004,0.8,2.4,0.314,1.2,3.0,0.38299999999999995,0.42200000000000004,1.8,3.0,0.591,0.8,2.3,3.0,1.2,0.6,1.0,1.3,2.2,6.3,/players/g/grantje01.html,Jerami Grant
2016,21.0,PHI,NBA,PF,77.0,52.0,26.8,3.3,7.8,0.419,0.5,1.9,0.24,2.8,5.9,0.47700000000000004,0.44799999999999995,2.8,4.2,0.6579999999999999,1.3,3.4,4.7,1.8,0.7,1.6,1.4,2.8,9.7,/players/g/grantje01.html,Jerami Grant
2017,22.0,PHI,NBA,PF,2.0,0.0,20.5,3.0,8.5,0.353,0.0,1.0,0.0,3.0,7.5,0.4,0.353,2.0,4.0,0.5,0.0,3.0,3.0,0.0,0.0,2.0,1.5,2.5,8.0,/players/g/grantje01.html,Jerami Grant
2017,22.0,OKC,NBA,PF,78.0,4.0,19.1,1.9,4.0,0.469,0.6,1.5,0.377,1.3,2.5,0.523,0.539,1.1,1.8,0.619,0.5,2.1,2.6,0.6,0.4,1.0,0.5,1.8,5.4,/players/g/grantje01.html,Jerami Grant
2018,23.0,OKC,NBA,PF,81.0,1.0,20.3,3.0,5.6,0.535,0.4,1.4,0.29100000000000004,2.6,4.3,0.613,0.57,2.0,3.0,0.675,1.1,2.9,3.9,0.7,0.4,1.0,0.7,1.9,8.4,/players/g/grantje01.html,Jerami Grant
2019,24.0,OKC,NBA,PF,80.0,77.0,32.7,5.1,10.3,0.49700000000000005,1.4,3.7,0.392,3.7,6.6,0.555,0.5670000000000001,2.0,2.8,0.71,1.2,4.0,5.2,1.0,0.8,1.3,0.8,2.7,13.6,/players/g/grantje01.html,Jerami Grant
2020,25.0,DEN,NBA,PF,71.0,24.0,26.6,4.3,8.9,0.478,1.4,3.5,0.389,2.9,5.4,0.537,0.555,2.1,2.8,0.75,0.8,2.7,3.5,1.2,0.7,0.8,0.9,2.2,12.0,/players/g/grantje01.html,Jerami Grant
2021,26.0,DET,NBA,SF,54.0,54.0,33.9,7.4,17.3,0.429,2.1,6.1,0.35,5.3,11.2,0.473,0.491,5.4,6.4,0.845,0.6,4.0,4.6,2.8,0.6,1.1,2.0,2.3,22.3,/players/g/grantje01.html,Jerami Grant
