season,age,team_abbr,lg,pos,g,gs,mp,fg,fga,fg_pct,threep,threepa,threep_pct,twop,twopa,twop_pct,efg_pct,ft,fta,ft_pct,orb,drb,trb,ast,stl,blk,tov,pf,pts,bbref_endpoint,player_name
2015,20.0,LAL,NBA,PF,1.0,0.0,14.0,1.0,3.0,0.33299999999999996,0.0,0.0,0.0,1.0,3.0,0.33299999999999996,0.33299999999999996,0.0,2.0,0.0,0.0,0.0,0.0,0.0,0.0,0.0,1.0,1.0,2.0,/players/r/randlju01.html,Julius Randle
2016,21.0,LAL,NBA,PF,81.0,60.0,28.2,4.4,10.3,0.429,0.1,0.4,0.278,4.3,9.9,0.436,0.435,2.4,3.3,0.715,2.1,8.1,10.2,1.8,0.7,0.4,1.8,3.0,11.3,/players/r/randlju01.html,Julius Randle
2017,22.0,LAL,NBA,PF,74.0,73.0,28.8,5.1,10.4,0.488,0.2,0.9,0.27,4.9,9.6,0.507,0.499,2.8,3.8,0.723,2.0,6.6,8.6,3.6,0.7,0.5,2.3,3.4,13.2,/players/r/randlju01.html,Julius Randle
2018,23.0,LAL,NBA,C,82.0,49.0,26.7,6.1,11.0,0.5579999999999999,0.1,0.5,0.222,6.0,10.5,0.575,0.563,3.7,5.2,0.718,2.2,5.8,8.0,2.6,0.5,0.5,2.6,3.3,16.1,/players/r/randlju01.html,Julius Randle
2019,24.0,NOP,NBA,PF,73.0,49.0,30.6,7.8,14.9,0.524,0.9,2.7,0.344,6.9,12.2,0.564,0.555,4.9,6.7,0.731,2.2,6.5,8.7,3.1,0.7,0.6,2.8,3.4,21.4,/players/r/randlju01.html,Julius Randle
2020,25.0,NYK,NBA,PF,64.0,64.0,32.5,7.2,15.7,0.46,1.0,3.6,0.27699999999999997,6.2,12.1,0.515,0.49200000000000005,4.0,5.5,0.733,2.4,7.4,9.7,3.1,0.8,0.3,3.0,2.8,19.5,/players/r/randlju01.html,Julius Randle
2021,26.0,NYK,NBA,PF,71.0,71.0,37.6,8.5,18.6,0.456,2.3,5.5,0.41100000000000003,6.2,13.1,0.474,0.516,4.9,6.0,0.8109999999999999,1.2,9.0,10.2,6.0,0.9,0.3,3.4,3.2,24.1,/players/r/randlju01.html,Julius Randle
