season,age,team_abbr,lg,pos,g,gs,mp,fg,fga,fg_pct,threep,threepa,threep_pct,twop,twopa,twop_pct,efg_pct,ft,fta,ft_pct,orb,drb,trb,ast,stl,blk,tov,pf,pts,bbref_endpoint,player_name
2016,22.0,MIA,NBA,SG,52.0,2.0,21.3,2.4,5.2,0.452,1.0,2.2,0.461,1.3,3.0,0.446,0.55,0.8,1.2,0.667,0.4,1.7,2.1,1.4,0.7,0.5,0.7,2.1,6.6,/players/r/richajo01.html,Josh Richardson
2017,23.0,MIA,NBA,SG,53.0,34.0,30.5,3.8,9.7,0.39399999999999996,1.4,4.3,0.33,2.4,5.4,0.444,0.467,1.1,1.5,0.779,0.7,2.5,3.2,2.6,1.1,0.7,1.2,2.5,10.2,/players/r/richajo01.html,Josh Richardson
2018,24.0,MIA,NBA,SF,81.0,81.0,33.2,4.9,10.9,0.451,1.6,4.1,0.37799999999999995,3.4,6.8,0.495,0.523,1.5,1.8,0.845,0.9,2.7,3.5,2.9,1.5,0.9,1.7,2.5,12.9,/players/r/richajo01.html,Josh Richardson
2019,25.0,MIA,NBA,SG,73.0,73.0,34.8,5.8,14.1,0.41200000000000003,2.2,6.3,0.35700000000000004,3.5,7.8,0.45799999999999996,0.49200000000000005,2.7,3.2,0.861,0.7,2.9,3.6,4.1,1.1,0.5,1.5,2.7,16.6,/players/r/richajo01.html,Josh Richardson
2020,26.0,PHI,NBA,SG,55.0,53.0,30.8,5.1,11.7,0.43,1.5,4.5,0.341,3.5,7.2,0.486,0.496,2.1,2.6,0.809,0.7,2.4,3.2,2.9,0.9,0.7,1.9,2.5,13.7,/players/r/richajo01.html,Josh Richardson
2021,27.0,DAL,NBA,SG,59.0,56.0,30.3,4.5,10.5,0.42700000000000005,1.5,4.5,0.33,3.0,5.9,0.501,0.498,1.7,1.8,0.917,0.9,2.4,3.3,2.6,1.0,0.4,1.3,2.2,12.1,/players/r/richajo01.html,Josh Richardson
