season,age,team_abbr,lg,pos,g,gs,mp,fg,fga,fg_pct,threep,threepa,threep_pct,twop,twopa,twop_pct,efg_pct,ft,fta,ft_pct,orb,drb,trb,ast,stl,blk,tov,pf,pts,bbref_endpoint,player_name
2003,24.0,ATL,NBA,PG,50.0,0.0,10.3,1.4,3.4,0.41200000000000003,0.4,1.2,0.361,1.0,2.2,0.44,0.47600000000000003,0.4,0.5,0.8079999999999999,0.2,0.7,0.9,1.7,0.3,0.0,1.1,1.3,3.7,/players/d/dickada01.html,Dan Dickau
2004,25.0,ATL,NBA,PG,23.0,0.0,6.2,0.9,2.1,0.429,0.1,0.4,0.3,0.8,1.7,0.462,0.45899999999999996,0.2,0.3,0.667,0.2,0.5,0.7,0.8,0.4,0.0,0.6,1.0,2.1,/players/d/dickada01.html,Dan Dickau
2004,25.0,POR,NBA,PG,20.0,0.0,7.6,0.8,2.5,0.327,0.4,1.0,0.35,0.5,1.5,0.31,0.39799999999999996,0.4,0.4,0.875,0.2,0.4,0.5,1.0,0.4,0.0,0.7,1.1,2.3,/players/d/dickada01.html,Dan Dickau
2005,26.0,DAL,NBA,PG,4.0,0.0,4.0,0.3,2.0,0.125,0.3,0.8,0.33299999999999996,0.0,1.3,0.0,0.188,0.5,0.8,0.667,0.0,0.3,0.3,0.3,0.0,0.0,0.3,0.3,1.3,/players/d/dickada01.html,Dan Dickau
2005,26.0,NOH,NBA,PG,67.0,46.0,31.0,4.6,11.2,0.408,1.3,3.6,0.34700000000000003,3.3,7.6,0.43700000000000006,0.46399999999999997,2.8,3.4,0.836,0.5,2.2,2.7,5.2,1.1,0.1,2.1,3.0,13.2,/players/d/dickada01.html,Dan Dickau
2006,27.0,BOS,NBA,PG,19.0,0.0,12.3,0.9,2.4,0.37,0.5,1.1,0.5,0.4,1.4,0.26899999999999996,0.478,0.9,0.9,1.0,0.3,0.6,0.8,2.1,0.6,0.1,0.9,2.1,3.3,/players/d/dickada01.html,Dan Dickau
2007,28.0,POR,NBA,PG,50.0,3.0,8.9,1.1,3.0,0.358,0.3,1.2,0.262,0.8,1.8,0.42200000000000004,0.41100000000000003,0.8,1.1,0.792,0.1,0.7,0.9,1.4,0.3,0.0,0.5,1.1,3.3,/players/d/dickada01.html,Dan Dickau
2008,29.0,LAC,NBA,PG,67.0,8.0,15.5,1.9,4.4,0.419,0.5,1.6,0.33299999999999996,1.3,2.8,0.46799999999999997,0.48,1.0,1.2,0.8290000000000001,0.2,1.3,1.4,2.6,0.5,0.0,0.8,1.6,5.3,/players/d/dickada01.html,Dan Dickau
