season,age,team_abbr,lg,pos,g,gs,mp,fg,fga,fg_pct,threep,threepa,threep_pct,twop,twopa,twop_pct,efg_pct,ft,fta,ft_pct,orb,drb,trb,ast,stl,blk,tov,pf,pts,bbref_endpoint,player_name
2015,21.0,MIL,NBA,PF,34.0,15.0,10.8,1.3,3.5,0.36700000000000005,0.0,0.0,0.0,1.3,3.5,0.36700000000000005,0.36700000000000005,0.4,0.8,0.444,0.8,1.1,1.9,0.5,0.1,0.1,0.7,1.3,2.9,/players/o/obryajo01.html,Johnny O'Bryant
2016,22.0,MIL,NBA,PF,66.0,4.0,13.0,1.3,3.2,0.41100000000000003,0.0,0.0,1.0,1.3,3.2,0.409,0.414,0.4,0.6,0.675,1.0,1.7,2.7,0.5,0.3,0.1,0.5,1.5,3.0,/players/o/obryajo01.html,Johnny O'Bryant
2017,23.0,DEN,NBA,PF,7.0,0.0,6.6,1.0,2.1,0.467,0.3,0.4,0.667,0.7,1.7,0.41700000000000004,0.5329999999999999,0.6,0.6,1.0,0.7,0.9,1.6,0.3,0.0,0.1,0.4,0.6,2.9,/players/o/obryajo01.html,Johnny O'Bryant
2017,23.0,CHO,NBA,PF,4.0,0.0,8.5,2.0,3.8,0.5329999999999999,0.3,0.8,0.33299999999999996,1.8,3.0,0.583,0.5670000000000001,0.3,0.5,0.5,1.0,1.0,2.0,1.0,0.0,0.0,0.8,1.5,4.5,/players/o/obryajo01.html,Johnny O'Bryant
2018,24.0,CHO,NBA,PF,36.0,0.0,10.5,1.9,4.8,0.39799999999999996,0.4,1.2,0.326,1.5,3.6,0.42200000000000004,0.439,0.6,0.7,0.84,0.8,1.8,2.6,0.4,0.3,0.2,0.4,1.3,4.8,/players/o/obryajo01.html,Johnny O'Bryant
