season,age,team_abbr,lg,pos,g,gs,mp,fg,fga,fg_pct,threep,threepa,threep_pct,twop,twopa,twop_pct,efg_pct,ft,fta,ft_pct,orb,drb,trb,ast,stl,blk,tov,pf,pts,bbref_endpoint,player_name
2018,22.0,CLE,NBA,SF,61,12,11.0,1.5,3.0,0.484,0.5,1.4,0.368,1.0,1.6,0.586,0.57,0.4,0.8,0.565,0.3,1.7,2.0,0.7,0.4,0.0,0.5,1.3,3.9,/players/o/osmande01.html,Cedi Osman
2019,23.0,CLE,NBA,SF,76,75,32.2,4.7,11.1,0.42700000000000005,1.7,4.9,0.348,3.0,6.2,0.489,0.504,1.9,2.4,0.779,0.6,4.1,4.7,2.6,0.8,0.1,1.5,2.6,13.0,/players/o/osmande01.html,Cedi Osman
2020,24.0,CLE,NBA,SF,65,65,29.4,4.1,9.4,0.43700000000000006,1.9,4.9,0.38299999999999995,2.2,4.4,0.49700000000000005,0.5379999999999999,1.0,1.4,0.67,0.6,3.0,3.6,2.4,0.8,0.2,1.4,2.5,11.0,/players/o/osmande01.html,Cedi Osman
2021,25.0,CLE,NBA,SF,59,26,25.6,3.7,9.9,0.374,1.7,5.5,0.306,2.0,4.4,0.45799999999999996,0.45799999999999996,1.3,1.6,0.8,0.6,2.8,3.4,2.9,0.9,0.2,1.4,2.0,10.4,/players/o/osmande01.html,Cedi Osman
