season,age,team_abbr,lg,pos,g,gs,mp,fg,fga,fg_pct,threep,threepa,threep_pct,twop,twopa,twop_pct,efg_pct,ft,fta,ft_pct,orb,drb,trb,ast,stl,blk,tov,pf,pts,bbref_endpoint,player_name
2016,20.0,WAS,NBA,SF,63.0,9.0,10.7,1.4,3.3,0.42700000000000005,0.4,1.3,0.316,1.0,2.1,0.49200000000000005,0.486,0.5,0.8,0.633,0.4,1.7,2.1,0.2,0.3,0.1,0.5,1.6,3.7,/players/o/oubreke01.html,Kelly Oubre Jr.
2017,21.0,WAS,NBA,SF,79.0,5.0,20.3,2.4,5.6,0.42100000000000004,0.7,2.4,0.287,1.7,3.2,0.52,0.48200000000000004,0.9,1.3,0.758,0.8,2.5,3.3,0.6,0.7,0.2,0.6,2.5,6.3,/players/o/oubreke01.html,Kelly Oubre Jr.
2018,22.0,WAS,NBA,SF,81.0,11.0,27.5,3.9,9.8,0.40299999999999997,1.6,4.6,0.341,2.4,5.2,0.456,0.48200000000000004,2.4,2.9,0.82,0.7,3.8,4.5,1.2,1.0,0.4,1.1,2.9,11.8,/players/o/oubreke01.html,Kelly Oubre Jr.
2019,23.0,WAS,NBA,SF,29.0,7.0,26.0,4.6,10.5,0.433,1.4,4.6,0.311,3.1,6.0,0.526,0.5,2.3,2.9,0.8,0.8,3.6,4.4,0.7,0.9,0.7,1.0,2.4,12.9,/players/o/oubreke01.html,Kelly Oubre Jr.
2019,23.0,PHO,NBA,SF,40.0,12.0,29.5,6.1,13.4,0.45299999999999996,1.7,5.2,0.325,4.4,8.3,0.532,0.515,3.0,4.0,0.7609999999999999,1.2,3.7,4.9,1.6,1.4,1.0,1.8,2.8,16.9,/players/o/oubreke01.html,Kelly Oubre Jr.
2020,24.0,PHO,NBA,SF,56.0,55.0,34.5,6.7,14.8,0.452,1.9,5.5,0.35200000000000004,4.7,9.3,0.511,0.517,3.4,4.4,0.78,1.2,5.3,6.4,1.5,1.3,0.7,1.5,3.4,18.7,/players/o/oubreke01.html,Kelly Oubre Jr.
2021,25.0,GSW,NBA,SF,55.0,50.0,30.7,5.8,13.2,0.439,1.6,5.2,0.316,4.1,8.0,0.519,0.501,2.2,3.2,0.695,1.5,4.5,6.0,1.3,1.0,0.8,1.3,2.2,15.4,/players/o/oubreke01.html,Kelly Oubre Jr.
