season,age,team_abbr,lg,pos,g,gs,mp,fg,fga,fg_pct,threep,threepa,threep_pct,twop,twopa,twop_pct,efg_pct,ft,fta,ft_pct,orb,drb,trb,ast,stl,blk,tov,pf,pts,bbref_endpoint,player_name
2012,21.0,DEN,NBA,SF,26.0,2.0,9.9,1.8,4.3,0.43200000000000005,0.7,1.8,0.36200000000000004,1.2,2.5,0.484,0.509,0.1,0.2,0.4,0.4,2.0,2.4,0.8,0.2,0.1,0.6,0.6,4.4,/players/h/hamiljo02.html,Jordan Hamilton
2013,22.0,DEN,NBA,SF,40.0,1.0,9.9,2.1,5.0,0.418,0.7,1.8,0.37,1.4,3.2,0.445,0.485,0.3,0.7,0.5,0.8,1.6,2.4,0.6,0.4,0.2,0.5,0.6,5.2,/players/h/hamiljo02.html,Jordan Hamilton
2014,23.0,DEN,NBA,SF,39.0,11.0,17.2,2.5,6.5,0.39,1.2,3.3,0.349,1.4,3.2,0.43200000000000005,0.478,0.6,0.8,0.742,0.6,2.8,3.4,0.9,0.8,0.3,0.7,0.8,6.8,/players/h/hamiljo02.html,Jordan Hamilton
2014,23.0,HOU,NBA,SF,21.0,1.0,16.6,2.3,5.8,0.39299999999999996,1.2,3.3,0.36200000000000004,1.1,2.5,0.434,0.496,0.8,1.0,0.85,0.4,2.5,2.9,0.9,0.6,0.3,0.9,1.7,6.6,/players/h/hamiljo02.html,Jordan Hamilton
2015,24.0,LAC,NBA,SF,14.0,2.0,8.7,1.0,2.5,0.4,0.7,1.5,0.47600000000000003,0.3,1.0,0.28600000000000003,0.5429999999999999,0.0,0.0,0.0,0.1,1.0,1.1,0.5,0.1,0.0,0.3,1.0,2.7,/players/h/hamiljo02.html,Jordan Hamilton
2016,25.0,NOP,NBA,SF,11.0,4.0,27.6,4.5,10.5,0.42200000000000004,1.2,4.1,0.289,3.3,6.5,0.507,0.478,1.3,1.9,0.667,1.1,4.5,5.6,2.3,0.7,0.3,1.5,2.2,11.4,/players/h/hamiljo02.html,Jordan Hamilton
