season,age,team_abbr,lg,pos,g,gs,mp,fg,fga,fg_pct,threep,threepa,threep_pct,twop,twopa,twop_pct,efg_pct,ft,fta,ft_pct,orb,drb,trb,ast,stl,blk,tov,pf,pts,bbref_endpoint,player_name
2014,21.0,NYK,NBA,SG,81.0,1.0,23.1,3.6,8.5,0.428,1.6,4.4,0.363,2.0,4.1,0.498,0.523,1.3,1.6,0.828,0.2,1.3,1.5,0.8,0.5,0.1,0.6,1.8,10.2,/players/h/hardati02.html,Tim Hardaway Jr.
2015,22.0,NYK,NBA,SG,70.0,30.0,24.0,4.0,10.2,0.389,1.7,5.1,0.342,2.3,5.2,0.435,0.474,1.8,2.2,0.8009999999999999,0.2,2.1,2.2,1.8,0.3,0.2,1.2,1.7,11.5,/players/h/hardati02.html,Tim Hardaway Jr.
2016,23.0,ATL,NBA,SG,51.0,1.0,16.9,2.2,5.2,0.43,0.9,2.8,0.33799999999999997,1.3,2.4,0.537,0.521,1.0,1.1,0.893,0.1,1.5,1.7,1.0,0.4,0.1,0.5,0.9,6.4,/players/h/hardati02.html,Tim Hardaway Jr.
2017,24.0,ATL,NBA,SG,79.0,30.0,27.3,5.3,11.5,0.455,1.9,5.3,0.35700000000000004,3.4,6.3,0.537,0.537,2.1,2.7,0.7659999999999999,0.4,2.4,2.8,2.3,0.7,0.2,1.3,1.3,14.5,/players/h/hardati02.html,Tim Hardaway Jr.
2018,25.0,NYK,NBA,SG,57.0,54.0,33.1,6.3,15.0,0.42100000000000004,2.3,7.2,0.317,4.0,7.8,0.516,0.496,2.6,3.1,0.816,0.6,3.4,3.9,2.7,1.1,0.2,1.6,2.2,17.5,/players/h/hardati02.html,Tim Hardaway Jr.
2019,26.0,NYK,NBA,SG,46.0,46.0,32.6,6.1,15.8,0.38799999999999996,2.5,7.3,0.34700000000000003,3.6,8.5,0.424,0.469,4.3,5.1,0.8540000000000001,0.6,2.9,3.5,2.7,0.9,0.1,1.8,2.3,19.1,/players/h/hardati02.html,Tim Hardaway Jr.
2019,26.0,DAL,NBA,SG,19.0,17.0,29.4,5.7,14.1,0.40399999999999997,2.4,7.4,0.321,3.3,6.7,0.496,0.489,1.7,2.3,0.767,0.4,2.8,3.2,1.9,0.6,0.1,1.3,1.8,15.5,/players/h/hardati02.html,Tim Hardaway Jr.
2020,27.0,DAL,NBA,SG,71.0,58.0,29.5,5.4,12.5,0.434,2.9,7.2,0.39799999999999996,2.5,5.2,0.485,0.55,2.1,2.6,0.8190000000000001,0.4,2.9,3.3,1.9,0.6,0.1,1.0,1.8,15.8,/players/h/hardati02.html,Tim Hardaway Jr.
2021,28.0,DAL,NBA,SG,70.0,31.0,28.4,5.8,13.0,0.447,3.0,7.6,0.391,2.9,5.5,0.524,0.56,2.0,2.5,0.816,0.3,3.0,3.3,1.8,0.4,0.2,0.9,1.6,16.6,/players/h/hardati02.html,Tim Hardaway Jr.
