season,age,team_abbr,lg,pos,g,gs,mp,fg,fga,fg_pct,threep,threepa,threep_pct,twop,twopa,twop_pct,efg_pct,ft,fta,ft_pct,orb,drb,trb,ast,stl,blk,tov,pf,pts,bbref_endpoint,player_name
2015,20.0,DEN,NBA,SG,55.0,6.0,13.1,1.2,3.9,0.304,0.4,1.9,0.204,0.8,2.1,0.395,0.353,0.6,0.9,0.745,0.4,0.8,1.2,0.5,0.7,0.1,0.7,1.3,3.4,/players/h/harriga01.html,Gary Harris
2016,21.0,DEN,NBA,SG,76.0,76.0,32.1,4.7,10.1,0.469,1.4,3.9,0.354,3.3,6.2,0.5429999999999999,0.5379999999999999,1.4,1.8,0.82,0.7,2.2,2.9,1.9,1.3,0.2,1.3,1.9,12.3,/players/h/harriga01.html,Gary Harris
2017,22.0,DEN,NBA,SG,57.0,56.0,31.3,5.6,11.2,0.502,1.9,4.5,0.42,3.7,6.7,0.5579999999999999,0.586,1.8,2.4,0.7759999999999999,0.8,2.3,3.1,2.9,1.2,0.1,1.3,1.6,14.9,/players/h/harriga01.html,Gary Harris
2018,23.0,DEN,NBA,SG,67.0,65.0,34.4,6.6,13.6,0.485,2.3,5.9,0.396,4.2,7.7,0.5529999999999999,0.57,2.0,2.4,0.8270000000000001,0.6,2.1,2.6,2.9,1.8,0.2,1.8,1.8,17.5,/players/h/harriga01.html,Gary Harris
2019,24.0,DEN,NBA,SG,57.0,48.0,28.8,4.7,11.2,0.424,1.4,4.2,0.33899999999999997,3.3,6.9,0.47600000000000003,0.488,2.0,2.5,0.799,0.7,2.1,2.8,2.2,1.0,0.3,1.2,2.0,12.9,/players/h/harriga01.html,Gary Harris
2020,25.0,DEN,NBA,SG,56.0,55.0,31.8,3.9,9.3,0.42,1.3,3.8,0.33299999999999996,2.6,5.5,0.479,0.48700000000000004,1.3,1.6,0.815,0.5,2.4,2.9,2.1,1.4,0.3,1.1,2.1,10.4,/players/h/harriga01.html,Gary Harris
2021,26.0,DEN,NBA,SG,19.0,19.0,30.6,3.6,8.2,0.442,1.3,3.9,0.32,2.4,4.3,0.556,0.519,1.2,1.6,0.733,0.7,1.8,2.5,1.7,0.9,0.2,0.7,1.9,9.7,/players/h/harriga01.html,Gary Harris
2021,26.0,ORL,NBA,SG,20.0,19.0,25.0,3.5,9.5,0.365,1.2,3.3,0.364,2.3,6.2,0.366,0.429,2.1,2.4,0.875,0.4,1.2,1.6,2.3,0.6,0.4,1.2,1.7,10.2,/players/h/harriga01.html,Gary Harris
