season,age,team_abbr,lg,pos,g,gs,mp,fg,fga,fg_pct,threep,threepa,threep_pct,twop,twopa,twop_pct,efg_pct,ft,fta,ft_pct,orb,drb,trb,ast,stl,blk,tov,pf,pts,bbref_endpoint,player_name
2017,24.0,NOP,NBA,SG,57.0,37.0,20.4,3.2,8.3,0.39299999999999996,1.6,4.2,0.369,1.7,4.0,0.41700000000000004,0.48700000000000004,0.5,0.6,0.879,0.3,2.6,2.9,1.4,0.3,0.1,0.8,1.4,8.6,/players/h/hieldbu01.html,Buddy Hield
2017,24.0,SAC,NBA,SG,25.0,18.0,29.1,5.7,11.8,0.48,2.4,5.5,0.428,3.3,6.3,0.525,0.579,1.4,1.7,0.8140000000000001,0.6,3.5,4.1,1.8,0.8,0.1,2.1,1.4,15.1,/players/h/hieldbu01.html,Buddy Hield
2018,25.0,SAC,NBA,SG,80.0,12.0,25.3,5.2,11.7,0.446,2.2,5.1,0.431,3.0,6.6,0.457,0.54,0.9,1.0,0.877,0.7,3.2,3.8,1.9,1.1,0.3,1.6,1.9,13.5,/players/h/hieldbu01.html,Buddy Hield
2019,26.0,SAC,NBA,SG,82.0,82.0,31.9,7.6,16.6,0.45799999999999996,3.4,7.9,0.42700000000000005,4.2,8.6,0.48700000000000004,0.56,2.1,2.4,0.8859999999999999,1.3,3.7,5.0,2.5,0.7,0.4,1.8,2.5,20.7,/players/h/hieldbu01.html,Buddy Hield
2020,27.0,SAC,NBA,SG,72.0,44.0,30.8,6.9,16.1,0.429,3.8,9.6,0.39399999999999996,3.2,6.6,0.479,0.545,1.6,1.9,0.846,0.8,3.8,4.6,3.0,0.9,0.2,2.3,2.3,19.2,/players/h/hieldbu01.html,Buddy Hield
2021,28.0,SAC,NBA,SG,71.0,71.0,34.3,5.7,14.0,0.406,4.0,10.2,0.391,1.7,3.8,0.446,0.5479999999999999,1.2,1.5,0.846,0.4,4.3,4.7,3.6,0.9,0.4,1.8,2.5,16.6,/players/h/hieldbu01.html,Buddy Hield
