season,age,team_abbr,lg,pos,g,gs,mp,fg,fga,fg_pct,threep,threepa,threep_pct,twop,twopa,twop_pct,efg_pct,ft,fta,ft_pct,orb,drb,trb,ast,stl,blk,tov,pf,pts,bbref_endpoint,player_name
2017,23.0,WAS,NBA,SG,1.0,0.0,1.0,0.0,0.0,0.0,0.0,0.0,0.0,0.0,0.0,0.0,0.0,0.0,0.0,0.0,0.0,1.0,1.0,0.0,0.0,0.0,0.0,0.0,0.0,/players/h/houseda01.html,Danuel House
2018,24.0,PHO,NBA,SG,23.0,3.0,17.5,2.4,5.6,0.434,0.7,2.5,0.259,1.8,3.1,0.5770000000000001,0.49200000000000005,1.1,1.3,0.8059999999999999,0.6,2.7,3.3,1.1,0.3,0.3,0.5,1.0,6.6,/players/h/houseda01.html,Danuel House
2019,25.0,HOU,NBA,SF,39.0,13.0,25.1,3.0,6.5,0.46799999999999997,1.9,4.6,0.41600000000000004,1.1,1.9,0.595,0.615,1.4,1.8,0.789,0.6,2.9,3.6,1.0,0.5,0.3,0.9,2.1,9.4,/players/h/houseda01.html,Danuel House
2020,26.0,HOU,NBA,SF,63.0,52.0,30.4,3.7,8.6,0.42700000000000005,2.0,5.6,0.363,1.6,2.9,0.5489999999999999,0.546,1.2,1.4,0.8109999999999999,0.9,3.3,4.2,1.3,1.1,0.5,0.9,2.1,10.5,/players/h/houseda01.html,Danuel House
2021,27.0,HOU,NBA,SF,36.0,23.0,25.9,3.1,7.6,0.40399999999999997,1.5,4.3,0.34600000000000003,1.6,3.2,0.483,0.504,1.1,1.8,0.6509999999999999,0.5,3.2,3.7,1.9,0.6,0.4,1.0,1.9,8.8,/players/h/houseda01.html,Danuel House
