season,age,team_abbr,lg,pos,g,gs,mp,fg,fga,fg_pct,threep,threepa,threep_pct,twop,twopa,twop_pct,efg_pct,ft,fta,ft_pct,orb,drb,trb,ast,stl,blk,tov,pf,pts,bbref_endpoint,player_name
2015,19.0,CHO,NBA,PF,25.0,0.0,10.4,1.2,3.0,0.395,0.2,0.5,0.385,1.0,2.5,0.397,0.428,0.7,1.0,0.6920000000000001,1.1,2.3,3.4,0.2,0.2,0.4,0.4,0.8,3.3,/players/v/vonleno01.html,Noah Vonleh
2016,20.0,POR,NBA,PF,78.0,56.0,15.1,1.5,3.6,0.42100000000000004,0.1,0.6,0.239,1.4,3.0,0.457,0.441,0.5,0.7,0.745,1.2,2.7,3.9,0.4,0.3,0.3,0.6,1.9,3.6,/players/v/vonleno01.html,Noah Vonleh
2017,21.0,POR,NBA,PF,74.0,41.0,17.1,1.8,3.6,0.48100000000000004,0.1,0.3,0.35,1.7,3.4,0.49200000000000005,0.494,0.8,1.3,0.638,1.8,3.5,5.2,0.4,0.4,0.4,0.9,2.1,4.4,/players/v/vonleno01.html,Noah Vonleh
2018,22.0,POR,NBA,PF,33.0,12.0,14.4,1.4,2.9,0.49,0.1,0.2,0.33299999999999996,1.4,2.7,0.5,0.5,0.7,0.9,0.742,1.1,4.0,5.1,0.4,0.2,0.3,0.5,1.3,3.6,/players/v/vonleno01.html,Noah Vonleh
2018,22.0,CHI,NBA,PF,21.0,4.0,19.0,2.7,6.6,0.413,0.9,2.9,0.3,1.9,3.7,0.5,0.478,0.6,1.3,0.48100000000000004,1.7,5.2,6.9,1.0,0.6,0.3,0.8,1.2,6.9,/players/v/vonleno01.html,Noah Vonleh
2019,23.0,NYK,NBA,PF,68.0,57.0,25.3,3.0,6.5,0.47,0.7,2.0,0.336,2.4,4.5,0.531,0.523,1.6,2.3,0.7120000000000001,1.7,6.1,7.8,1.9,0.7,0.8,1.3,2.6,8.4,/players/v/vonleno01.html,Noah Vonleh
2020,24.0,MIN,NBA,C,29.0,1.0,12.0,1.6,3.0,0.547,0.1,0.5,0.14300000000000002,1.6,2.5,0.625,0.5579999999999999,0.8,1.0,0.821,1.2,2.8,4.0,0.9,0.4,0.2,0.7,1.2,4.1,/players/v/vonleno01.html,Noah Vonleh
2020,24.0,DEN,NBA,C,7.0,0.0,4.3,0.7,0.9,0.833,0.1,0.1,1.0,0.6,0.7,0.8,0.917,0.3,0.6,0.5,0.4,0.7,1.1,0.3,0.0,0.0,0.3,0.6,1.9,/players/v/vonleno01.html,Noah Vonleh
2021,25.0,BRK,NBA,PF,4.0,0.0,2.8,0.0,0.8,0.0,0.0,0.5,0.0,0.0,0.3,0.0,0.0,0.0,0.0,0.0,0.0,0.3,0.3,0.3,0.0,0.0,0.5,0.5,0.0,/players/v/vonleno01.html,Noah Vonleh
