season,age,team_abbr,lg,pos,g,gs,mp,fg,fga,fg_pct,threep,threepa,threep_pct,twop,twopa,twop_pct,efg_pct,ft,fta,ft_pct,orb,drb,trb,ast,stl,blk,tov,pf,pts,bbref_endpoint,player_name
2001,23.0,CHI,NBA,C,16.0,2.0,8.9,0.7,1.6,0.44,0.0,0.0,0.0,0.7,1.6,0.44,0.44,0.5,0.9,0.5710000000000001,0.8,1.4,2.1,0.3,0.3,0.4,0.8,2.4,1.9,/players/v/voskuja01.html,Jake Voskuhl
2002,24.0,PHO,NBA,C,59.0,34.0,15.3,1.8,3.3,0.5539999999999999,0.0,0.0,0.0,1.8,3.3,0.5539999999999999,0.5539999999999999,1.4,1.8,0.752,1.7,2.5,4.2,0.3,0.2,0.4,0.8,2.4,5.0,/players/v/voskuja01.html,Jake Voskuhl
2003,25.0,PHO,NBA,C,65.0,1.0,14.6,1.4,2.5,0.564,0.0,0.0,0.0,1.4,2.5,0.564,0.564,1.0,1.5,0.667,1.5,2.0,3.5,0.6,0.3,0.4,0.7,2.6,3.8,/players/v/voskuja01.html,Jake Voskuhl
2004,26.0,PHO,NBA,C,66.0,43.0,24.3,2.3,4.5,0.507,0.0,0.0,0.0,2.3,4.5,0.507,0.507,2.0,2.7,0.74,1.9,3.3,5.2,0.9,0.6,0.4,1.2,3.9,6.6,/players/v/voskuja01.html,Jake Voskuhl
2005,27.0,PHO,NBA,C,38.0,1.0,9.5,0.7,1.6,0.45799999999999996,0.0,0.0,0.0,0.7,1.6,0.45799999999999996,0.45799999999999996,0.7,1.0,0.684,0.8,1.6,2.4,0.4,0.1,0.3,0.5,1.6,2.1,/players/v/voskuja01.html,Jake Voskuhl
2006,28.0,CHA,NBA,C,51.0,2.0,16.0,2.2,5.1,0.43700000000000006,0.0,0.1,0.33299999999999996,2.2,5.1,0.43799999999999994,0.439,0.8,1.2,0.6829999999999999,1.2,2.4,3.6,0.8,0.5,0.5,0.6,3.1,5.3,/players/v/voskuja01.html,Jake Voskuhl
2007,29.0,CHA,NBA,C,73.0,9.0,14.3,1.7,3.5,0.475,0.0,0.0,0.0,1.7,3.5,0.475,0.475,1.1,1.5,0.6809999999999999,1.2,2.4,3.5,0.6,0.4,0.3,0.8,2.7,4.4,/players/v/voskuja01.html,Jake Voskuhl
2008,30.0,MIL,NBA,C,44.0,0.0,8.8,0.8,1.8,0.46299999999999997,0.0,0.0,0.0,0.8,1.8,0.46299999999999997,0.46299999999999997,0.5,0.7,0.828,0.7,1.5,2.2,0.3,0.2,0.5,0.7,1.9,2.2,/players/v/voskuja01.html,Jake Voskuhl
2009,31.0,TOR,NBA,C,38.0,1.0,6.3,0.3,1.2,0.267,0.0,0.0,0.0,0.3,1.2,0.267,0.267,0.3,0.4,0.7859999999999999,0.6,1.0,1.6,0.2,0.1,0.1,0.4,1.6,0.9,/players/v/voskuja01.html,Jake Voskuhl
