season,age,team_abbr,lg,pos,g,gs,mp,fg,fga,fg_pct,threep,threepa,threep_pct,twop,twopa,twop_pct,efg_pct,ft,fta,ft_pct,orb,drb,trb,ast,stl,blk,tov,pf,pts,bbref_endpoint,player_name
2007,22.0,PHI,NBA,SF,67.0,35.0,17.4,2.7,5.9,0.46399999999999997,0.4,1.1,0.34700000000000003,2.3,4.8,0.491,0.496,0.8,1.3,0.609,0.6,1.3,1.9,0.4,0.6,0.3,0.6,1.8,6.6,/players/c/carnero01.html,Rodney Carney
2008,23.0,PHI,NBA,SF,70.0,6.0,14.8,2.3,5.6,0.40299999999999997,0.5,1.7,0.317,1.7,3.9,0.441,0.452,0.8,1.2,0.679,0.7,1.4,2.1,0.5,0.6,0.3,0.5,1.4,5.8,/players/c/carnero01.html,Rodney Carney
2009,24.0,MIN,NBA,SG,67.0,6.0,17.9,2.6,6.3,0.41600000000000004,1.2,3.4,0.35,1.4,2.9,0.49200000000000005,0.509,0.7,1.0,0.758,0.5,1.3,1.9,0.4,0.7,0.4,0.6,1.4,7.2,/players/c/carnero01.html,Rodney Carney
2010,25.0,PHI,NBA,SG,68.0,0.0,12.6,1.7,4.1,0.401,0.6,2.0,0.304,1.1,2.2,0.49,0.473,0.8,0.9,0.825,0.4,1.6,2.0,0.5,0.4,0.3,0.3,1.2,4.7,/players/c/carnero01.html,Rodney Carney
2011,26.0,GSW,NBA,SF,25.0,1.0,13.2,1.8,4.3,0.42100000000000004,0.7,1.5,0.45899999999999996,1.1,2.8,0.4,0.5,0.7,1.1,0.667,0.5,1.4,1.9,0.4,0.4,0.2,0.6,1.3,5.0,/players/c/carnero01.html,Rodney Carney
2011,26.0,MEM,NBA,SF,2.0,0.0,2.5,0.5,1.5,0.33299999999999996,0.0,0.5,0.0,0.5,1.0,0.5,0.33299999999999996,0.0,0.0,0.0,0.5,0.0,0.5,0.0,0.5,0.0,0.0,0.0,1.0,/players/c/carnero01.html,Rodney Carney
