season,age,team_abbr,lg,pos,g,gs,mp,fg,fga,fg_pct,threep,threepa,threep_pct,twop,twopa,twop_pct,efg_pct,ft,fta,ft_pct,orb,drb,trb,ast,stl,blk,tov,pf,pts,bbref_endpoint,player_name
2007,22.0,NYK,NBA,SF,68.0,1.0,15.6,2.0,4.0,0.505,0.1,0.4,0.185,2.0,3.6,0.54,0.515,0.8,1.3,0.5670000000000001,1.4,2.9,4.3,0.6,0.8,0.6,0.7,2.1,4.9,/players/b/balkmre01.html,Renaldo Balkman
2008,23.0,NYK,NBA,SF,65.0,0.0,14.6,1.4,2.9,0.489,0.0,0.2,0.083,1.4,2.7,0.517,0.49200000000000005,0.6,1.5,0.43200000000000005,1.3,2.0,3.3,0.6,0.7,0.5,0.6,2.0,3.4,/players/b/balkmre01.html,Renaldo Balkman
2009,24.0,DEN,NBA,PF,53.0,10.0,14.7,2.1,3.7,0.5579999999999999,0.0,0.1,0.28600000000000003,2.0,3.6,0.568,0.563,0.8,1.2,0.6459999999999999,1.6,2.2,3.8,0.6,0.9,0.4,0.7,1.8,5.0,/players/b/balkmre01.html,Renaldo Balkman
2010,25.0,DEN,NBA,SF,13.0,1.0,7.0,0.5,1.4,0.33299999999999996,0.0,0.5,0.0,0.5,0.8,0.545,0.33299999999999996,0.2,0.5,0.33299999999999996,0.3,1.5,1.8,0.5,0.6,0.2,0.5,1.2,1.1,/players/b/balkmre01.html,Renaldo Balkman
2011,26.0,DEN,NBA,SF,5.0,0.0,8.8,1.0,1.8,0.556,0.0,0.0,0.0,1.0,1.8,0.556,0.556,0.6,0.8,0.75,0.2,0.6,0.8,0.4,0.6,0.4,0.0,2.2,2.6,/players/b/balkmre01.html,Renaldo Balkman
2011,26.0,NYK,NBA,SF,3.0,0.0,6.0,0.3,1.3,0.25,0.3,0.7,0.5,0.0,0.7,0.0,0.375,0.0,0.0,0.0,0.3,0.7,1.0,0.0,0.3,0.0,0.3,1.3,1.0,/players/b/balkmre01.html,Renaldo Balkman
2012,27.0,NYK,NBA,SF,14.0,0.0,8.2,1.1,2.3,0.5,0.1,0.6,0.222,1.0,1.6,0.609,0.531,0.6,0.8,0.727,0.4,1.4,1.9,0.4,0.3,0.2,0.4,1.0,3.0,/players/b/balkmre01.html,Renaldo Balkman
