season,age,team_abbr,lg,pos,g,gs,mp,fg,fga,fg_pct,threep,threepa,threep_pct,twop,twopa,twop_pct,efg_pct,ft,fta,ft_pct,orb,drb,trb,ast,stl,blk,tov,pf,pts,bbref_endpoint,player_name
2013,19.0,WAS,NBA,SG,56,46,31.2,5.0,12.3,0.41,1.6,4.2,0.386,3.4,8.1,0.424,0.47700000000000004,2.2,2.8,0.7859999999999999,0.8,3.0,3.8,2.4,0.9,0.5,1.6,2.0,13.9,/players/b/bealbr01.html,Bradley Beal
2014,20.0,WAS,NBA,SG,73,73,34.7,6.6,15.7,0.419,1.9,4.7,0.402,4.7,11.0,0.426,0.479,2.0,2.6,0.7879999999999999,0.7,3.0,3.7,3.3,1.0,0.2,1.8,2.1,17.1,/players/b/bealbr01.html,Bradley Beal
2015,21.0,WAS,NBA,SG,63,59,33.4,5.8,13.5,0.42700000000000005,1.7,4.1,0.409,4.1,9.4,0.434,0.489,2.1,2.6,0.7829999999999999,0.9,2.9,3.8,3.1,1.2,0.3,2.0,2.2,15.3,/players/b/bealbr01.html,Bradley Beal
2016,22.0,WAS,NBA,SG,55,35,31.1,6.5,14.5,0.449,1.9,4.9,0.387,4.6,9.6,0.48100000000000004,0.515,2.5,3.2,0.767,0.7,2.7,3.4,2.9,1.0,0.2,2.0,2.1,17.4,/players/b/bealbr01.html,Bradley Beal
2017,23.0,WAS,NBA,SG,77,77,34.9,8.3,17.2,0.48200000000000004,2.9,7.2,0.40399999999999997,5.4,10.0,0.5379999999999999,0.5660000000000001,3.7,4.4,0.825,0.7,2.4,3.1,3.5,1.1,0.3,2.0,2.2,23.1,/players/b/bealbr01.html,Bradley Beal
2018,24.0,WAS,NBA,SG,82,82,36.3,8.3,18.1,0.46,2.4,6.5,0.375,5.9,11.6,0.507,0.527,3.6,4.5,0.7909999999999999,0.7,3.7,4.4,4.5,1.2,0.4,2.6,2.0,22.6,/players/b/bealbr01.html,Bradley Beal
2019,25.0,WAS,NBA,SG,82,82,36.9,9.3,19.6,0.475,2.5,7.3,0.35100000000000003,6.8,12.4,0.5479999999999999,0.54,4.4,5.5,0.8079999999999999,1.1,3.9,5.0,5.5,1.5,0.7,2.7,2.8,25.6,/players/b/bealbr01.html,Bradley Beal
2020,26.0,WAS,NBA,SG,57,57,36.0,10.4,22.9,0.455,3.0,8.4,0.353,7.4,14.4,0.515,0.52,6.8,8.0,0.8420000000000001,0.9,3.3,4.2,6.1,1.2,0.4,3.4,2.2,30.5,/players/b/bealbr01.html,Bradley Beal
2021,27.0,WAS,NBA,SG,60,60,35.8,11.2,23.0,0.485,2.2,6.2,0.349,9.0,16.8,0.535,0.532,6.8,7.7,0.889,1.2,3.5,4.7,4.4,1.2,0.4,3.1,2.3,31.3,/players/b/bealbr01.html,Bradley Beal
