season,age,team_abbr,lg,pos,g,gs,mp,fg,fga,fg_pct,threep,threepa,threep_pct,twop,twopa,twop_pct,efg_pct,ft,fta,ft_pct,orb,drb,trb,ast,stl,blk,tov,pf,pts,bbref_endpoint,player_name
2016,19.0,PHO,NBA,SG,76,51,27.7,4.8,11.4,0.423,1.3,3.8,0.34299999999999997,3.5,7.6,0.46399999999999997,0.48,2.8,3.4,0.84,0.4,2.1,2.5,2.6,0.6,0.3,2.1,3.0,13.8,/players/b/bookede01.html,Devin Booker
2017,20.0,PHO,NBA,SG,78,78,35.0,7.8,18.3,0.423,1.9,5.2,0.363,5.9,13.2,0.447,0.475,4.7,5.7,0.8320000000000001,0.6,2.6,3.2,3.4,0.9,0.3,3.1,3.1,22.1,/players/b/bookede01.html,Devin Booker
2018,21.0,PHO,NBA,SG,54,54,34.5,8.4,19.5,0.43200000000000005,2.7,7.1,0.38299999999999995,5.7,12.4,0.46,0.501,5.4,6.1,0.878,0.5,4.0,4.5,4.7,0.9,0.3,3.6,3.1,24.9,/players/b/bookede01.html,Devin Booker
2019,22.0,PHO,NBA,SG,64,64,35.0,9.2,19.6,0.467,2.1,6.5,0.326,7.0,13.1,0.536,0.521,6.1,7.1,0.866,0.6,3.5,4.1,6.8,0.9,0.2,4.1,3.1,26.6,/players/b/bookede01.html,Devin Booker
2020,23.0,PHO,NBA,SG,70,70,35.9,9.0,18.3,0.489,2.0,5.7,0.354,6.9,12.6,0.5489999999999999,0.544,6.7,7.3,0.919,0.4,3.8,4.2,6.5,0.7,0.3,3.8,3.0,26.6,/players/b/bookede01.html,Devin Booker
2021,24.0,PHO,NBA,SG,67,67,33.9,9.3,19.2,0.484,1.9,5.5,0.34,7.4,13.7,0.5429999999999999,0.5329999999999999,5.1,5.9,0.867,0.5,3.7,4.2,4.3,0.8,0.2,3.1,2.7,25.6,/players/b/bookede01.html,Devin Booker
