season,age,team_abbr,lg,pos,g,gs,mp,fg,fga,fg_pct,threep,threepa,threep_pct,twop,twopa,twop_pct,efg_pct,ft,fta,ft_pct,orb,drb,trb,ast,stl,blk,tov,pf,pts,bbref_endpoint,player_name
2005,21.0,BOS,NBA,SG,39.0,7.0,13.0,1.7,4.0,0.426,0.6,1.7,0.358,1.1,2.3,0.47700000000000004,0.503,0.5,0.7,0.7040000000000001,0.4,1.3,1.7,1.4,0.5,0.2,0.6,1.8,4.5,/players/w/westde01.html,Delonte West
2006,22.0,BOS,NBA,PG,71.0,71.0,34.1,4.7,9.6,0.48700000000000004,1.2,3.1,0.385,3.5,6.6,0.534,0.5479999999999999,1.2,1.4,0.851,0.8,3.3,4.1,4.6,1.2,0.6,1.9,2.8,11.8,/players/w/westde01.html,Delonte West
2007,23.0,BOS,NBA,SG,69.0,47.0,32.2,4.4,10.4,0.42700000000000005,0.9,2.6,0.365,3.5,7.8,0.447,0.47200000000000003,2.4,2.9,0.853,0.5,2.6,3.0,4.4,1.1,0.5,2.0,2.2,12.2,/players/w/westde01.html,Delonte West
2008,24.0,SEA,NBA,PG,35.0,5.0,20.8,2.8,7.1,0.38799999999999996,0.5,1.6,0.33899999999999997,2.2,5.5,0.402,0.426,0.7,1.1,0.667,0.4,2.4,2.7,3.2,0.9,0.3,1.9,1.3,6.8,/players/w/westde01.html,Delonte West
2008,24.0,CLE,NBA,PG,26.0,26.0,31.0,3.8,8.7,0.44,1.1,3.0,0.36700000000000005,2.7,5.6,0.479,0.504,1.6,2.0,0.7879999999999999,0.7,3.0,3.7,4.5,1.1,0.7,2.0,2.3,10.3,/players/w/westde01.html,Delonte West
2009,25.0,CLE,NBA,SG,64.0,64.0,33.6,4.5,9.8,0.457,1.4,3.6,0.39899999999999997,3.0,6.2,0.49,0.53,1.4,1.7,0.833,0.5,2.7,3.2,3.5,1.5,0.2,1.4,2.0,11.7,/players/w/westde01.html,Delonte West
2010,26.0,CLE,NBA,SG,60.0,3.0,25.0,3.2,7.3,0.445,0.4,1.3,0.325,2.8,6.0,0.47100000000000003,0.474,1.9,2.4,0.81,0.5,2.3,2.8,3.3,0.9,0.5,1.5,1.4,8.8,/players/w/westde01.html,Delonte West
2011,27.0,BOS,NBA,PG,24.0,2.0,18.9,2.3,5.0,0.45799999999999996,0.5,1.4,0.364,1.8,3.6,0.494,0.508,0.5,0.6,0.867,0.3,1.3,1.5,2.7,0.8,0.4,1.3,1.2,5.6,/players/w/westde01.html,Delonte West
2012,28.0,DAL,NBA,PG,44.0,33.0,24.1,3.8,8.2,0.461,0.6,1.7,0.355,3.2,6.5,0.489,0.499,1.4,1.6,0.8859999999999999,0.3,2.0,2.3,3.2,1.3,0.3,1.7,1.5,9.6,/players/w/westde01.html,Delonte West
