season,age,team_abbr,lg,pos,g,gs,mp,fg,fga,fg_pct,threep,threepa,threep_pct,twop,twopa,twop_pct,efg_pct,ft,fta,ft_pct,orb,drb,trb,ast,stl,blk,tov,pf,pts,bbref_endpoint,player_name
2015,19.0,MIN,NBA,SF,82.0,82.0,36.2,6.1,13.9,0.43700000000000006,0.5,1.5,0.31,5.6,12.3,0.45299999999999996,0.45399999999999996,4.3,5.7,0.76,1.6,2.9,4.6,2.1,1.0,0.6,2.2,2.3,16.9,/players/w/wiggian01.html,Andrew Wiggins
2016,20.0,MIN,NBA,SF,81.0,81.0,35.1,7.3,16.0,0.45899999999999996,0.7,2.3,0.3,6.6,13.6,0.486,0.48100000000000004,5.3,7.0,0.7609999999999999,1.3,2.3,3.6,2.0,1.0,0.6,2.2,2.0,20.7,/players/w/wiggian01.html,Andrew Wiggins
2017,21.0,MIN,NBA,SF,82.0,82.0,37.2,8.6,19.1,0.452,1.3,3.5,0.35600000000000004,7.4,15.6,0.473,0.484,5.0,6.6,0.76,1.2,2.8,4.0,2.3,1.0,0.4,2.3,2.2,23.6,/players/w/wiggian01.html,Andrew Wiggins
2018,22.0,MIN,NBA,SF,82.0,82.0,36.3,6.9,15.9,0.43799999999999994,1.4,4.1,0.331,5.6,11.7,0.475,0.48100000000000004,2.5,3.8,0.643,1.0,3.4,4.4,2.0,1.1,0.6,1.7,2.0,17.7,/players/w/wiggian01.html,Andrew Wiggins
2019,23.0,MIN,NBA,SF,73.0,73.0,34.8,6.8,16.6,0.41200000000000003,1.6,4.8,0.33899999999999997,5.2,11.8,0.441,0.461,2.8,4.1,0.6990000000000001,1.1,3.7,4.8,2.5,1.0,0.7,1.9,2.1,18.1,/players/w/wiggian01.html,Andrew Wiggins
2020,24.0,MIN,NBA,SF,42.0,42.0,34.6,8.4,18.8,0.444,2.2,6.5,0.331,6.2,12.3,0.505,0.502,3.5,4.9,0.72,1.1,4.1,5.2,3.7,0.7,0.9,2.5,2.4,22.4,/players/w/wiggian01.html,Andrew Wiggins
2020,24.0,GSW,NBA,SF,12.0,12.0,33.6,7.2,15.7,0.457,1.7,4.9,0.33899999999999997,5.5,10.8,0.512,0.511,3.4,5.1,0.672,1.5,3.1,4.6,3.6,1.3,1.4,2.1,2.2,19.4,/players/w/wiggian01.html,Andrew Wiggins
2021,25.0,GSW,NBA,PF,71.0,71.0,33.3,7.1,14.9,0.47700000000000004,2.0,5.2,0.38,5.1,9.7,0.529,0.5429999999999999,2.4,3.4,0.7140000000000001,1.2,3.7,4.9,2.4,0.9,1.0,1.8,2.2,18.6,/players/w/wiggian01.html,Andrew Wiggins
