season,age,team_abbr,lg,pos,g,gs,mp,fg,fga,fg_pct,threep,threepa,threep_pct,twop,twopa,twop_pct,efg_pct,ft,fta,ft_pct,orb,drb,trb,ast,stl,blk,tov,pf,pts,bbref_endpoint,player_name
2010,22.0,NJN,NBA,SF,78.0,9.0,22.6,3.3,8.3,0.401,0.4,1.3,0.31,2.9,7.1,0.41700000000000004,0.425,1.3,1.8,0.715,0.6,3.9,4.5,2.9,0.6,0.1,1.6,1.6,8.4,/players/w/willite01.html,Terrence Williams
2011,23.0,NJN,NBA,SG,10.0,0.0,20.6,2.9,7.3,0.397,0.4,1.2,0.33299999999999996,2.5,6.1,0.41,0.425,0.5,1.0,0.5,0.3,3.3,3.6,3.1,0.5,0.0,2.5,2.1,6.7,/players/w/willite01.html,Terrence Williams
2011,23.0,HOU,NBA,SG,11.0,0.0,7.6,1.3,3.8,0.33299999999999996,0.2,0.9,0.2,1.1,2.9,0.375,0.35700000000000004,0.8,1.0,0.818,0.1,1.3,1.4,0.6,0.4,0.0,0.7,0.4,3.5,/players/w/willite01.html,Terrence Williams
2012,24.0,HOU,NBA,SG,12.0,0.0,15.1,1.7,4.8,0.35100000000000003,0.7,1.6,0.42100000000000004,1.0,3.2,0.316,0.42100000000000004,0.5,1.0,0.5,0.2,2.2,2.3,0.8,0.3,0.1,0.8,1.3,4.5,/players/w/willite01.html,Terrence Williams
2012,24.0,SAC,NBA,SG,18.0,0.0,20.5,3.6,7.8,0.461,0.4,1.5,0.29600000000000004,3.2,6.3,0.5,0.489,1.2,1.9,0.618,0.6,3.5,4.1,3.1,0.9,0.3,1.8,1.1,8.8,/players/w/willite01.html,Terrence Williams
2013,25.0,BOS,NBA,SF,24.0,0.0,13.3,2.0,4.0,0.495,0.2,0.6,0.33299999999999996,1.8,3.4,0.524,0.521,0.4,0.9,0.429,0.2,1.7,1.8,1.6,0.5,0.1,0.9,0.5,4.6,/players/w/willite01.html,Terrence Williams
