season,age,team_abbr,lg,pos,g,gs,mp,fg,fga,fg_pct,threep,threepa,threep_pct,twop,twopa,twop_pct,efg_pct,ft,fta,ft_pct,orb,drb,trb,ast,stl,blk,tov,pf,pts,bbref_endpoint,player_name
2018,21.0,MIL,NBA,PF,22.0,0.0,3.2,0.4,0.7,0.563,0.1,0.2,0.4,0.3,0.5,0.636,0.625,0.0,0.1,0.5,0.1,0.4,0.5,0.1,0.1,0.0,0.2,0.3,1.0,/players/w/wilsodj01.html,D.J. Wilson
2019,22.0,MIL,NBA,PF,48.0,3.0,18.4,2.2,5.2,0.414,1.0,2.6,0.36200000000000004,1.2,2.6,0.46799999999999997,0.506,0.5,1.0,0.5529999999999999,0.9,3.7,4.6,1.1,0.4,0.4,0.7,1.8,5.8,/players/w/wilsodj01.html,D.J. Wilson
2020,23.0,MIL,NBA,PF,37.0,1.0,9.8,1.4,3.6,0.39399999999999996,0.5,2.0,0.247,0.9,1.6,0.5760000000000001,0.462,0.3,0.5,0.611,0.3,2.2,2.5,0.7,0.1,0.1,0.5,0.9,3.6,/players/w/wilsodj01.html,D.J. Wilson
2021,24.0,MIL,NBA,PF,12.0,0.0,8.8,1.3,3.6,0.37200000000000005,0.8,2.3,0.35700000000000004,0.5,1.3,0.4,0.488,0.1,0.2,0.5,0.3,1.8,2.1,0.3,0.1,0.3,0.3,1.1,3.6,/players/w/wilsodj01.html,D.J. Wilson
2021,24.0,HOU,NBA,PF,23.0,1.0,14.3,2.3,5.4,0.41600000000000004,0.9,2.6,0.33899999999999997,1.4,2.9,0.485,0.496,0.7,1.0,0.696,0.7,3.0,3.8,0.9,0.4,0.5,0.8,1.3,6.1,/players/w/wilsodj01.html,D.J. Wilson
