season,age,team_abbr,lg,pos,g,gs,mp,fg,fga,fg_pct,threep,threepa,threep_pct,twop,twopa,twop_pct,efg_pct,ft,fta,ft_pct,orb,drb,trb,ast,stl,blk,tov,pf,pts,bbref_endpoint,player_name
2013,19.0,MEM,NBA,SG,35.0,0.0,7.8,0.9,2.5,0.384,0.1,0.5,0.25,0.8,2.0,0.414,0.40700000000000003,0.6,0.8,0.7240000000000001,0.4,0.4,0.8,1.2,0.2,0.1,0.8,1.0,2.6,/players/w/wroteto01.html,Tony Wroten
2014,20.0,PHI,NBA,PG,72.0,16.0,24.5,4.8,11.2,0.42700000000000005,0.6,2.6,0.213,4.2,8.6,0.49200000000000005,0.452,2.9,4.5,0.6409999999999999,1.0,2.2,3.2,3.0,1.1,0.2,2.8,2.1,13.0,/players/w/wroteto01.html,Tony Wroten
2015,21.0,PHI,NBA,PG,30.0,15.0,29.8,5.8,14.5,0.40299999999999997,1.2,4.7,0.261,4.6,9.7,0.473,0.446,4.0,6.0,0.667,0.7,2.1,2.9,5.2,1.6,0.3,3.8,2.4,16.9,/players/w/wroteto01.html,Tony Wroten
2016,22.0,PHI,NBA,PG,8.0,3.0,18.0,2.8,8.1,0.33799999999999997,0.4,2.1,0.17600000000000002,2.4,6.0,0.396,0.36200000000000004,2.5,4.6,0.541,0.3,2.4,2.6,2.5,0.4,0.0,3.6,1.4,8.4,/players/w/wroteto01.html,Tony Wroten
