season,age,team_abbr,lg,pos,g,gs,mp,fg,fga,fg_pct,threep,threepa,threep_pct,twop,twopa,twop_pct,efg_pct,ft,fta,ft_pct,orb,drb,trb,ast,stl,blk,tov,pf,pts,bbref_endpoint,player_name
2014,20.0,ATL,NBA,PG,49.0,0.0,13.1,1.5,3.8,0.38299999999999995,0.2,0.9,0.23800000000000002,1.3,3.0,0.425,0.41,0.6,0.9,0.674,0.1,1.1,1.2,1.9,0.3,0.0,1.2,1.1,3.7,/players/s/schrode01.html,Dennis Schröder
2015,21.0,ATL,NBA,PG,77.0,10.0,19.7,3.7,8.6,0.42700000000000005,0.7,1.9,0.35100000000000003,3.0,6.7,0.449,0.466,1.9,2.3,0.8270000000000001,0.4,1.8,2.1,4.1,0.6,0.1,1.9,1.6,10.0,/players/s/schrode01.html,Dennis Schröder
2016,22.0,ATL,NBA,PG,80.0,6.0,20.3,4.1,9.8,0.42100000000000004,1.0,3.0,0.322,3.2,6.8,0.465,0.47100000000000003,1.8,2.3,0.7909999999999999,0.3,2.2,2.6,4.4,0.9,0.1,2.3,1.7,11.0,/players/s/schrode01.html,Dennis Schröder
2017,23.0,ATL,NBA,PG,79.0,78.0,31.5,6.9,15.4,0.451,1.3,3.7,0.34,5.7,11.6,0.48700000000000004,0.493,2.8,3.2,0.855,0.5,2.6,3.1,6.3,0.9,0.2,3.3,1.9,17.9,/players/s/schrode01.html,Dennis Schröder
2018,24.0,ATL,NBA,PG,67.0,67.0,31.0,7.5,17.1,0.436,1.1,3.9,0.29,6.3,13.2,0.48,0.469,3.4,4.0,0.8490000000000001,0.7,2.4,3.1,6.2,1.1,0.1,2.7,2.2,19.4,/players/s/schrode01.html,Dennis Schröder
2019,25.0,OKC,NBA,PG,79.0,14.0,29.3,5.8,14.0,0.414,1.6,4.6,0.341,4.2,9.4,0.45,0.47,2.4,2.9,0.8190000000000001,0.5,3.1,3.6,4.1,0.8,0.2,2.2,2.4,15.5,/players/s/schrode01.html,Dennis Schröder
2020,26.0,OKC,NBA,PG,65.0,2.0,30.8,7.0,14.8,0.469,1.9,5.0,0.385,5.0,9.8,0.513,0.534,3.0,3.6,0.8390000000000001,0.3,3.3,3.6,4.0,0.7,0.2,2.6,2.2,18.9,/players/s/schrode01.html,Dennis Schröder
2021,27.0,LAL,NBA,SG,61.0,61.0,32.1,5.4,12.5,0.43700000000000006,1.2,3.5,0.335,4.3,9.0,0.47600000000000003,0.484,3.4,4.0,0.848,0.5,3.0,3.5,5.8,1.1,0.2,2.7,2.6,15.4,/players/s/schrode01.html,Dennis Schröder
