season,age,team_abbr,lg,pos,g,gs,mp,fg,fga,fg_pct,threep,threepa,threep_pct,twop,twopa,twop_pct,efg_pct,ft,fta,ft_pct,orb,drb,trb,ast,stl,blk,tov,pf,pts,bbref_endpoint,player_name
2007,20.0,SEA,NBA,C,28.0,3.0,6.0,0.6,1.8,0.36700000000000005,0.0,0.0,0.0,0.6,1.8,0.36700000000000005,0.36700000000000005,0.6,1.0,0.586,0.6,1.0,1.6,0.0,0.1,0.4,0.4,1.2,1.9,/players/s/senesa01.html,Mouhamed Sene
2008,21.0,SEA,NBA,C,13.0,0.0,4.8,0.8,1.8,0.45799999999999996,0.0,0.0,0.0,0.8,1.8,0.45799999999999996,0.45799999999999996,0.6,1.3,0.47100000000000003,0.5,0.7,1.2,0.1,0.0,0.5,0.0,0.7,2.3,/players/s/senesa01.html,Mouhamed Sene
2009,22.0,OKC,NBA,C,5.0,0.0,4.6,1.0,1.4,0.7140000000000001,0.0,0.0,0.0,1.0,1.4,0.7140000000000001,0.7140000000000001,1.4,1.8,0.778,0.6,1.2,1.8,0.0,0.2,0.4,0.6,0.4,3.4,/players/s/senesa01.html,Mouhamed Sene
2009,22.0,NYK,NBA,C,1.0,0.0,6.0,1.0,2.0,0.5,0.0,0.0,0.0,1.0,2.0,0.5,0.5,1.0,1.0,1.0,2.0,3.0,5.0,0.0,0.0,1.0,1.0,0.0,3.0,/players/s/senesa01.html,Mouhamed Sene
