season,age,team_abbr,lg,pos,g,gs,mp,fg,fga,fg_pct,threep,threepa,threep_pct,twop,twopa,twop_pct,efg_pct,ft,fta,ft_pct,orb,drb,trb,ast,stl,blk,tov,pf,pts,bbref_endpoint,player_name
2012,24.0,ATL,NBA,PG,5.0,0.0,4.0,0.6,1.6,0.375,0.0,0.2,0.0,0.6,1.4,0.429,0.375,0.0,0.0,0.0,0.2,0.8,1.0,1.0,0.2,0.0,0.4,0.6,1.2,/players/s/sloando01.html,Donald Sloan
2012,24.0,NOH,NBA,PG,3.0,0.0,13.7,1.7,4.7,0.35700000000000004,0.0,0.7,0.0,1.7,4.0,0.41700000000000004,0.35700000000000004,0.7,1.3,0.5,0.7,0.3,1.0,2.7,0.7,0.0,1.7,0.7,4.0,/players/s/sloando01.html,Donald Sloan
2012,24.0,CLE,NBA,PG,25.0,11.0,24.3,2.8,7.0,0.40299999999999997,0.1,0.9,0.091,2.8,6.2,0.44799999999999995,0.409,0.8,1.0,0.8079999999999999,0.6,1.8,2.4,3.7,0.4,0.1,1.7,1.3,6.6,/players/s/sloando01.html,Donald Sloan
2013,25.0,CLE,NBA,SG,20.0,0.0,12.9,1.4,3.9,0.34600000000000003,0.4,1.0,0.368,1.0,3.0,0.33899999999999997,0.391,1.0,1.3,0.8,0.2,1.3,1.4,1.9,0.3,0.0,0.7,0.9,4.1,/players/s/sloando01.html,Donald Sloan
2013,25.0,NOH,NBA,PG,3.0,0.0,2.0,0.0,0.0,0.0,0.0,0.0,0.0,0.0,0.0,0.0,0.0,0.0,0.0,0.0,0.0,0.0,0.0,0.3,0.0,0.0,0.3,0.0,0.0,/players/s/sloando01.html,Donald Sloan
2014,26.0,IND,NBA,SG,48.0,1.0,8.2,0.9,2.4,0.376,0.2,0.9,0.23800000000000002,0.7,1.6,0.45299999999999996,0.419,0.3,0.4,0.6,0.1,0.8,0.9,1.0,0.2,0.0,0.5,0.4,2.3,/players/s/sloando01.html,Donald Sloan
2015,27.0,IND,NBA,PG,53.0,21.0,20.9,2.7,6.7,0.408,0.8,2.5,0.313,2.0,4.2,0.46399999999999997,0.466,1.1,1.5,0.779,0.2,2.5,2.7,3.6,0.4,0.0,1.2,0.9,7.4,/players/s/sloando01.html,Donald Sloan
2016,28.0,BRK,NBA,PG,61.0,33.0,21.6,2.5,5.7,0.44,0.6,1.6,0.384,1.9,4.1,0.462,0.494,1.3,1.7,0.75,0.3,2.6,2.8,4.4,0.5,0.1,1.3,1.2,7.0,/players/s/sloando01.html,Donald Sloan
