season,age,team_abbr,lg,pos,g,gs,mp,fg,fga,fg_pct,threep,threepa,threep_pct,twop,twopa,twop_pct,efg_pct,ft,fta,ft_pct,orb,drb,trb,ast,stl,blk,tov,pf,pts,bbref_endpoint,player_name
2015,20.0,BOS,NBA,PG,67,38,27.0,2.6,7.1,0.36700000000000005,1.4,4.1,0.335,1.3,3.1,0.41,0.462,1.2,1.9,0.6459999999999999,0.9,2.4,3.3,3.1,1.5,0.3,1.3,2.6,7.8,/players/s/smartma01.html,Marcus Smart
2016,21.0,BOS,NBA,PG,61,10,27.3,3.0,8.7,0.348,1.0,4.0,0.253,2.0,4.7,0.42700000000000005,0.405,2.1,2.7,0.777,1.2,2.9,4.2,3.0,1.5,0.3,1.3,3.0,9.1,/players/s/smartma01.html,Marcus Smart
2017,22.0,BOS,NBA,SG,79,24,30.4,3.4,9.5,0.359,1.2,4.2,0.28300000000000003,2.2,5.3,0.42,0.42200000000000004,2.6,3.2,0.812,1.0,2.9,3.9,4.6,1.6,0.4,2.0,2.4,10.6,/players/s/smartma01.html,Marcus Smart
2018,23.0,BOS,NBA,SG,54,11,29.9,3.5,9.5,0.36700000000000005,1.4,4.6,0.301,2.1,4.9,0.429,0.44,1.8,2.5,0.7290000000000001,0.8,2.7,3.5,4.8,1.3,0.4,2.4,2.5,10.2,/players/s/smartma01.html,Marcus Smart
2019,24.0,BOS,NBA,SG,80,60,27.5,3.0,7.1,0.42200000000000004,1.6,4.3,0.364,1.4,2.8,0.511,0.5329999999999999,1.3,1.6,0.8059999999999999,0.7,2.2,2.9,4.0,1.8,0.4,1.5,2.5,8.9,/players/s/smartma01.html,Marcus Smart
2020,25.0,BOS,NBA,SG,60,40,32.0,4.3,11.4,0.375,2.3,6.6,0.34700000000000003,2.0,4.8,0.415,0.47600000000000003,2.1,2.5,0.836,0.7,3.1,3.8,4.9,1.7,0.5,1.7,2.7,12.9,/players/s/smartma01.html,Marcus Smart
2021,26.0,BOS,NBA,PG,48,45,32.9,4.2,10.6,0.39799999999999996,1.9,5.9,0.33,2.3,4.8,0.48200000000000004,0.489,2.7,3.4,0.79,0.8,2.7,3.5,5.7,1.5,0.5,2.0,2.6,13.1,/players/s/smartma01.html,Marcus Smart
