season,age,team_abbr,lg,pos,g,gs,mp,fg,fga,fg_pct,threep,threepa,threep_pct,twop,twopa,twop_pct,efg_pct,ft,fta,ft_pct,orb,drb,trb,ast,stl,blk,tov,pf,pts,bbref_endpoint,player_name
2015,21.0,SAC,NBA,SG,73.0,1.0,15.4,1.5,4.1,0.365,0.7,2.0,0.322,0.8,2.0,0.408,0.446,0.8,0.9,0.8590000000000001,0.2,1.1,1.2,0.9,0.3,0.2,0.5,1.3,4.4,/players/s/stausni01.html,Nik Stauskas
2016,22.0,PHI,NBA,SG,73.0,35.0,24.8,2.9,7.5,0.385,1.5,4.5,0.326,1.4,3.0,0.473,0.483,1.2,1.6,0.7709999999999999,0.3,2.2,2.5,1.9,0.6,0.3,1.3,1.6,8.5,/players/s/stausni01.html,Nik Stauskas
2017,23.0,PHI,NBA,SG,80.0,27.0,27.4,3.1,7.9,0.396,1.7,4.5,0.368,1.5,3.4,0.433,0.5,1.5,1.9,0.813,0.3,2.6,2.8,2.4,0.6,0.4,1.6,1.8,9.5,/players/s/stausni01.html,Nik Stauskas
2018,24.0,PHI,NBA,SG,6.0,0.0,7.5,0.2,0.7,0.25,0.0,0.2,0.0,0.2,0.5,0.33299999999999996,0.25,0.3,0.3,1.0,0.0,0.2,0.2,0.2,0.7,0.0,0.7,0.5,0.7,/players/s/stausni01.html,Nik Stauskas
2018,24.0,BRK,NBA,SG,35.0,0.0,13.7,1.7,4.3,0.39299999999999996,1.1,2.8,0.40399999999999997,0.5,1.5,0.373,0.527,0.5,0.8,0.7040000000000001,0.1,1.7,1.8,1.1,0.1,0.1,0.6,0.6,5.1,/players/s/stausni01.html,Nik Stauskas
2019,25.0,POR,NBA,SG,44.0,0.0,15.3,2.2,5.2,0.419,1.0,2.8,0.344,1.2,2.4,0.51,0.513,0.7,0.8,0.889,0.2,1.6,1.8,1.4,0.3,0.1,0.9,0.7,6.1,/players/s/stausni01.html,Nik Stauskas
2019,25.0,CLE,NBA,SG,24.0,0.0,14.3,1.7,4.5,0.36700000000000005,1.1,2.6,0.429,0.5,1.9,0.28300000000000003,0.491,1.0,1.2,0.893,0.3,1.6,2.0,0.8,0.3,0.1,0.5,0.8,5.5,/players/s/stausni01.html,Nik Stauskas
