season,age,team_abbr,lg,pos,g,gs,mp,fg,fga,fg_pct,threep,threepa,threep_pct,twop,twopa,twop_pct,efg_pct,ft,fta,ft_pct,orb,drb,trb,ast,stl,blk,tov,pf,pts,bbref_endpoint,player_name
1900,21.0,VAN,NBA,PG,53.0,0.0,7.4,0.8,1.8,0.439,0.0,0.0,0.0,0.8,1.8,0.44799999999999995,0.439,0.4,0.7,0.595,0.3,0.6,1.0,0.9,0.4,0.0,0.8,0.6,2.0,/players/p/palacmi01.html,Milt Palacio
2001,22.0,BOS,NBA,PG,58.0,6.0,19.7,2.2,4.6,0.47200000000000003,0.2,0.6,0.33299999999999996,2.0,4.0,0.494,0.494,1.3,1.6,0.848,0.4,1.3,1.8,2.6,0.8,0.0,1.4,1.4,5.9,/players/p/palacmi01.html,Milt Palacio
2002,23.0,BOS,NBA,PG,41.0,0.0,12.6,1.3,3.3,0.385,0.3,0.8,0.353,1.0,2.5,0.396,0.43,0.9,1.2,0.706,0.2,1.0,1.2,1.3,0.5,0.1,0.6,0.9,3.7,/players/p/palacmi01.html,Milt Palacio
2002,23.0,PHO,NBA,SG,28.0,1.0,9.7,1.1,2.8,0.38,0.0,0.3,0.14300000000000002,1.0,2.6,0.40299999999999997,0.386,0.6,0.8,0.7829999999999999,0.1,0.7,0.8,1.0,0.3,0.0,0.6,0.8,2.8,/players/p/palacmi01.html,Milt Palacio
2003,24.0,CLE,NBA,PG,80.0,46.0,24.7,2.0,4.9,0.418,0.1,0.5,0.21600000000000003,1.9,4.4,0.439,0.428,0.8,1.1,0.747,0.6,2.3,2.9,3.2,0.9,0.2,1.6,2.1,5.0,/players/p/palacmi01.html,Milt Palacio
2004,25.0,TOR,NBA,PG,59.0,13.0,20.5,1.8,5.1,0.349,0.1,0.4,0.154,1.7,4.6,0.368,0.35600000000000004,0.8,1.2,0.662,0.3,1.5,1.7,3.1,0.7,0.2,1.5,1.5,4.4,/players/p/palacmi01.html,Milt Palacio
2005,26.0,TOR,NBA,PG,80.0,4.0,19.2,2.2,4.9,0.446,0.0,0.2,0.16699999999999998,2.2,4.8,0.455,0.449,1.4,1.9,0.742,0.3,1.4,1.7,3.5,0.6,0.2,1.3,1.6,5.8,/players/p/palacmi01.html,Milt Palacio
2006,27.0,UTA,NBA,PG,71.0,18.0,19.4,2.4,5.7,0.424,0.0,0.2,0.063,2.4,5.5,0.439,0.426,1.4,2.1,0.653,0.2,1.6,1.9,2.7,0.7,0.2,1.5,1.8,6.2,/players/p/palacmi01.html,Milt Palacio
