season,age,team_abbr,lg,pos,g,gs,mp,fg,fga,fg_pct,threep,threepa,threep_pct,twop,twopa,twop_pct,efg_pct,ft,fta,ft_pct,orb,drb,trb,ast,stl,blk,tov,pf,pts,bbref_endpoint,player_name
2015,20.0,ORL,NBA,PG,82.0,63.0,30.4,3.7,8.6,0.425,0.1,0.5,0.262,3.5,8.1,0.435,0.433,1.4,2.6,0.551,1.3,3.0,4.3,6.5,1.7,0.2,2.5,2.4,8.9,/players/p/paytoel01.html,Elfrid Payton
2016,21.0,ORL,NBA,PG,73.0,69.0,29.4,4.4,10.0,0.436,0.4,1.3,0.326,3.9,8.7,0.451,0.456,1.5,2.6,0.589,1.1,2.5,3.6,6.4,1.2,0.3,2.4,2.2,10.7,/players/p/paytoel01.html,Elfrid Payton
2017,22.0,ORL,NBA,PG,82.0,58.0,29.4,5.2,11.1,0.47100000000000003,0.5,1.8,0.27399999999999997,4.8,9.3,0.509,0.493,1.8,2.6,0.6920000000000001,1.1,3.6,4.7,6.5,1.1,0.5,2.2,2.2,12.8,/players/p/paytoel01.html,Elfrid Payton
2018,23.0,ORL,NBA,PG,44.0,44.0,28.6,5.4,10.4,0.52,0.6,1.5,0.373,4.8,8.9,0.545,0.547,1.6,2.6,0.632,1.1,2.9,4.0,6.3,1.5,0.4,2.6,2.2,13.0,/players/p/paytoel01.html,Elfrid Payton
2018,23.0,PHO,NBA,PG,19.0,19.0,29.0,4.8,11.0,0.435,0.3,1.3,0.2,4.5,9.7,0.467,0.447,1.9,2.8,0.685,0.9,4.4,5.3,6.2,1.0,0.3,2.8,2.6,11.8,/players/p/paytoel01.html,Elfrid Payton
2019,24.0,NOP,NBA,PG,42.0,42.0,29.8,4.3,9.8,0.434,0.8,2.5,0.314,3.5,7.3,0.47600000000000003,0.475,1.3,1.8,0.743,1.2,4.1,5.2,7.6,1.0,0.4,2.7,1.9,10.6,/players/p/paytoel01.html,Elfrid Payton
2020,25.0,NYK,NBA,PG,45.0,36.0,27.7,4.3,9.8,0.439,0.3,1.5,0.203,4.0,8.2,0.48200000000000004,0.455,1.1,1.9,0.57,1.2,3.6,4.7,7.2,1.6,0.4,2.1,2.0,10.0,/players/p/paytoel01.html,Elfrid Payton
2021,26.0,NYK,NBA,PG,63.0,63.0,23.6,4.3,9.9,0.43200000000000005,0.4,1.6,0.28600000000000003,3.8,8.3,0.46,0.455,1.2,1.7,0.682,1.0,2.4,3.4,3.2,0.7,0.1,1.6,1.8,10.1,/players/p/paytoel01.html,Elfrid Payton
