season,age,team_abbr,lg,pos,g,gs,mp,fg,fga,fg_pct,threep,threepa,threep_pct,twop,twopa,twop_pct,efg_pct,ft,fta,ft_pct,orb,drb,trb,ast,stl,blk,tov,pf,pts,bbref_endpoint,player_name
2011,22.0,NOH,NBA,SF,66.0,6.0,11.1,1.1,2.7,0.406,0.3,0.8,0.36,0.8,2.0,0.423,0.456,0.4,0.5,0.706,0.3,1.0,1.3,0.4,0.3,0.2,0.2,1.0,2.8,/players/p/pondequ01.html,Quincy Pondexter
2012,23.0,MEM,NBA,SF,64.0,8.0,15.7,1.7,3.7,0.452,0.3,1.1,0.301,1.3,2.6,0.518,0.498,0.5,0.8,0.623,0.9,1.1,2.0,0.4,0.4,0.1,0.5,1.4,4.2,/players/p/pondequ01.html,Quincy Pondexter
2013,24.0,MEM,NBA,SF,59.0,1.0,21.1,2.2,5.1,0.428,1.0,2.6,0.395,1.2,2.5,0.46299999999999997,0.528,1.0,1.3,0.787,0.7,1.5,2.2,1.0,0.6,0.1,0.7,1.6,6.4,/players/p/pondequ01.html,Quincy Pondexter
2014,25.0,MEM,NBA,SG,15.0,2.0,18.0,2.1,5.3,0.392,0.7,2.3,0.324,1.3,3.0,0.444,0.462,1.4,1.7,0.8079999999999999,0.7,1.1,1.7,1.3,0.3,0.1,1.0,1.2,6.3,/players/p/pondequ01.html,Quincy Pondexter
2015,26.0,MEM,NBA,SG,30.0,2.0,18.0,1.6,4.5,0.35600000000000004,0.6,2.4,0.233,1.0,2.1,0.5,0.419,0.7,1.0,0.7,0.7,1.2,1.9,0.9,0.2,0.2,0.3,1.6,4.5,/players/p/pondequ01.html,Quincy Pondexter
2015,26.0,NOP,NBA,SF,45.0,28.0,27.8,3.1,6.9,0.449,1.6,3.8,0.433,1.5,3.1,0.46799999999999997,0.5670000000000001,1.1,1.5,0.758,0.7,2.3,3.1,1.5,0.3,0.4,0.9,2.3,9.0,/players/p/pondequ01.html,Quincy Pondexter
2018,29.0,CHI,NBA,SF,23.0,1.0,8.5,0.6,2.1,0.28600000000000003,0.1,1.0,0.136,0.5,1.2,0.40700000000000003,0.316,0.6,0.7,0.8240000000000001,0.3,0.8,1.2,0.4,0.3,0.1,0.5,1.0,2.0,/players/p/pondequ01.html,Quincy Pondexter
2019,30.0,SAS,NBA,SF,53.0,0.0,5.5,0.5,1.1,0.5,0.1,0.3,0.33299999999999996,0.4,0.8,0.575,0.552,0.6,0.8,0.81,0.2,0.7,0.9,0.5,0.2,0.0,0.2,0.5,1.8,/players/p/pondequ01.html,Quincy Pondexter
