season,age,team_abbr,lg,pos,g,gs,mp,fg,fga,fg_pct,threep,threepa,threep_pct,twop,twopa,twop_pct,efg_pct,ft,fta,ft_pct,orb,drb,trb,ast,stl,blk,tov,pf,pts,bbref_endpoint,player_name
2015,23.0,BOS,NBA,PF,5.0,0.0,1.8,0.8,1.0,0.8,0.0,0.0,0.0,0.8,1.0,0.8,0.8,0.2,0.4,0.5,0.0,0.2,0.2,0.0,0.4,0.0,0.4,0.2,1.8,/players/p/poweldw01.html,Dwight Powell
2015,23.0,DAL,NBA,PF,24.0,0.0,9.5,1.1,2.6,0.435,0.1,0.5,0.273,1.0,2.1,0.47100000000000003,0.46,1.0,1.3,0.774,0.8,1.3,2.0,0.4,0.3,0.3,0.4,1.6,3.4,/players/p/poweldw01.html,Dwight Powell
2016,24.0,DAL,NBA,PF,69.0,2.0,14.4,2.1,4.3,0.493,0.0,0.2,0.125,2.1,4.1,0.514,0.49700000000000005,1.5,2.1,0.7390000000000001,1.2,2.7,4.0,0.6,0.5,0.3,0.6,1.7,5.8,/players/p/poweldw01.html,Dwight Powell
2017,25.0,DAL,NBA,C,77.0,3.0,17.3,2.5,4.9,0.515,0.3,1.0,0.284,2.2,3.9,0.5710000000000001,0.542,1.4,1.8,0.759,1.2,2.8,4.0,0.6,0.8,0.5,0.4,1.8,6.7,/players/p/poweldw01.html,Dwight Powell
2018,26.0,DAL,NBA,C,79.0,25.0,21.2,3.2,5.4,0.593,0.4,1.1,0.33299999999999996,2.9,4.4,0.6559999999999999,0.626,1.7,2.3,0.7190000000000001,1.7,3.9,5.6,1.2,0.8,0.4,0.7,2.4,8.5,/players/p/poweldw01.html,Dwight Powell
2019,27.0,DAL,NBA,C,77.0,22.0,21.6,3.8,6.3,0.597,0.5,1.6,0.307,3.3,4.7,0.6990000000000001,0.637,2.5,3.3,0.772,1.8,3.5,5.3,1.5,0.6,0.6,0.9,2.6,10.6,/players/p/poweldw01.html,Dwight Powell
2020,28.0,DAL,NBA,C,40.0,37.0,26.5,3.7,5.7,0.638,0.3,1.0,0.256,3.4,4.8,0.716,0.659,1.9,2.8,0.667,1.9,3.8,5.7,1.5,0.9,0.6,0.9,2.6,9.4,/players/p/poweldw01.html,Dwight Powell
2021,29.0,DAL,NBA,C,58.0,19.0,16.7,2.1,3.3,0.619,0.1,0.4,0.23800000000000002,2.0,3.0,0.665,0.631,1.7,2.1,0.782,1.4,2.7,4.0,1.1,0.6,0.5,0.7,2.3,5.9,/players/p/poweldw01.html,Dwight Powell
